date, pm25, pm10, o3, no2, so2, co
2025/12/1, 238, 233, 23, 55, 9, 9
2025/12/2, 322, 144, 20, 47, 3, 4
2025/12/3, 252, 179, 14, 45, 4, 6
2025/12/4, 267, 224, 31, 40, 6, 5
2025/12/5, 275, 293, 34, 32, 6, 5
2025/12/6, 278, 216, 33, 32, 4, 5
2025/12/7, 256, 218, 33, 31, 4, 5
2025/12/8, 239, 269, 29, 34, 3, 5
2025/12/9, 224, 273, 28, 33, 4, 3
2025/12/10, 234, 282, 27, 34, 6, 7
2025/12/11, 265, 432, 28, 36, 9, 2
2025/12/12, 320, 611, 37, 50, 14, 7
2025/12/13, 488, 692, 2, 43, 13, 15
2025/12/14, 562, 435, 15, 34, 7, 12
2025/12/15, 404, 318, , 33, 4, 9
2025/12/16, 356, , , , , 
2025/11/1, 284, 226, 28, 49, 6, 6
2025/11/2, 250, 233, 27, 43, 9, 4
2025/11/3, 228, 200, 28, 46, 8, 3
2025/11/4, 175, 141, 23, 34, 5, 6
2025/11/5, 176, 317, 26, 34, 13, 6
2025/11/6, 330, 303, 30, 40, 11, 7
2025/11/7, 307, 385, 33, 43, 12, 5
2025/11/8, 315, 310, 35, 46, 8, 
2025/11/9, 312, 298, 31, 53, 14, 8
2025/11/10, 365, 315, 38, 50, 17, 7
2025/11/11, 387, 317, 38, 45, 30, 6
2025/11/12, 390, 282, 34, 47, 13, 4
2025/11/13, 373, 237, 32, 48, 12, 6
2025/11/14, 330, 239, 34, 45, 13, 6
2025/11/15, 326, 213, 17, 43, 21, 4
2025/11/16, 315, 218, 24, 49, 18, 6
2025/11/17, 280, 246, 1, 56, 24, 
2025/11/18, 324, 258, 42, 51, 14, 5
2025/11/19, 359, 285, 36, 53, 18, 4
2025/11/20, 369, 295, 32, 53, 34, 14
2025/11/21, 367, 261, 30, 47, 21, 7
2025/11/22, 328, 256, 27, 46, 7, 4
2025/11/23, 373, 193, 27, 41, 7, 9
2025/11/24, 309, 202, 19, 42, 8, 9
2025/11/25, 295, 178, 28, 40, 8, 6
2025/11/26, 269, 330, 28, 51, 18, 8
2025/11/27, 386, 207, 19, 48, 10, 7
2025/11/28, 311, 131, 18, 44, 4, 6
2025/11/29, 228, 141, 8, 42, 1, 8
2025/11/30, 246, 157, 27, 46, 3, 3
2025/10/1, 102, 94, 30, 14, 1, 6
2025/10/2, 117, 67, 25, 14, 3, 6
2025/10/3, 110, 102, 28, 13, 4, 14
2025/10/4, 148, 124, 31, 14, 4, 8
2025/10/5, 145, , , , , 
2025/10/7, 51, 55, 17, 16, 1, 4
2025/10/8, 94, 77, 24, 13, 3, 5
2025/10/9, 119, 122, 36, 18, 9, 6
2025/10/10, 149, 254, 32, 23, 3, 6
2025/10/11, 158, 127, 34, 18, 4, 6
2025/10/12, 150, 166, 36, 22, 6, 2
2025/10/13, 164, 161, 35, 25, 6, 4
2025/10/14, 164, 218, 39, 25, 6, 5
2025/10/15, 194, 318, 36, 26, 10, 4
2025/10/16, 218, 283, 36, 27, 6, 4
2025/10/17, 206, 228, 36, 26, 11, 1
2025/10/18, 198, 260, 42, 26, 8, 1
2025/10/19, 198, 260, 44, 25, 15, 4
2025/10/20, 259, 425, 30, 25, 20, 4
2025/10/21, 437, 171, 32, 20, 8, 4
2025/10/22, 232, 143, 32, 24, 7, 3
2025/10/23, 191, 209, 32, 27, 9, 2
2025/10/24, 190, 272, 37, 29, 7, 5
2025/10/25, 223, 363, 40, 33, 9, 9
2025/10/26, 263, 202, 26, 24, 4, 2
2025/10/27, 227, 174, 21, 34, 6, 5
2025/10/28, 208, 158, 16, 42, 4, 4
2025/10/29, 221, 238, 14, 51, 2, 6
2025/10/30, 282, 146, 13, 43, 2, 3
2025/10/31, 177, 299, 23, 48, 6, 4
2025/7/1, 105, 149, 20, 13, 3, 6
2025/7/2, 98, 84, 24, 7, 3, 4
2025/7/3, 75, 71, 22, 14, 2, 7
2025/7/4, 86, 102, 24, 16, 3, 4
2025/7/5, 112, 63, 23, 10, 3, 9
2025/7/6, 69, 61, 31, 12, 4, 8
2025/7/7, 56, 94, 23, 12, 3, 6
2025/7/8, 88, 91, 16, 8, 3, 2
2025/7/9, 49, 45, 22, 8, 3, 5
2025/7/10, 35, 131, 18, 9, 2, 5
2025/7/11, 83, 139, 21, 8, 3, 4
2025/7/12, 83, 91, 3, 7, 2, 5
2025/7/13, 77, 59, 17, 7, 2, 5
2025/7/14, 58, 59, 8, 6, 3, 4
2025/7/15, 53, 83, 18, 8, 3, 4
2025/7/16, 74, 82, 19, 7, 3, 3
2025/7/17, 77, 51, 17, 6, 3, 6
2025/7/18, 55, 64, 18, 7, 3, 4
2025/7/19, 59, 99, 7, 13, 3, 5
2025/7/20, 77, 104, 21, 13, 4, 7
2025/7/21, 104, 105, 22, 14, 2, 6
2025/7/22, 109, 88, 8, 10, 3, 4
2025/7/23, 53, 118, 1, 7, 2, 4
2025/7/24, 79, 200, , 8, 3, 4
2025/7/25, 104, 89, 29, 8, 2, 5
2025/7/26, 78, 145, 2, 11, 2, 4
2025/7/27, 95, , , , , 
2025/7/29, 76, 79, 15, 10, 3, 4
2025/7/30, 84, 77, 8, 8, 3, 
2025/7/31, 55, 60, 6, 6, 4, 3
2025/8/1, 60, 97, 8, 9, 3, 6
2025/8/2, 71, 185, 13, 8, 3, 4
2025/8/3, 73, 157, 12, 9, 3, 3
2025/8/4, 83, 106, 10, 11, 2, 3
2025/8/5, 76, 113, 12, 8, 2, 5
2025/8/6, 83, 215, 6, 11, 3, 5
2025/8/7, 93, 142, 14, 10, 3, 7
2025/8/8, 90, 157, 6, 8, 3, 4
2025/8/9, 65, 196, 14, 9, 2, 4
2025/8/10, 79, 113, 11, 11, 3, 7
2025/8/11, 88, 137, 14, 11, 3, 4
2025/8/12, 86, 147, 6, 8, 3, 4
2025/8/13, 94, 65, 3, 12, 3, 7
2025/8/14, 73, 160, 7, 9, 4, 8
2025/8/15, 118, 491, 7, 10, 3, 7
2025/8/16, 119, 46, 14, 11, 3, 2
2025/8/17, 89, 51, 21, 12, 2, 4
2025/8/18, 90, 55, 19, 13, 2, 4
2025/8/19, 94, 47, 22, 11, 3, 5
2025/8/20, 82, 47, 21, 14, 3, 5
2025/8/21, 79, 98, 24, 16, 2, 5
2025/8/22, 127, 98, 12, 12, 2, 4
2025/8/23, 100, , , , , 
2025/8/25, 79, 32, 13, 9, 3, 4
2025/8/26, 34, 114, 10, 17, 3, 3
2025/8/27, 92, 141, 24, 15, 3, 7
2025/8/28, 140, 82, 9, 14, 3, 7
2025/8/29, 110, 95, 22, 13, 3, 7
2025/8/30, 80, 89, 15, 12, 3, 6
2025/8/31, 81, 42, 12, 12, 2, 5
2025/9/1, 47, 20, 12, 11, 2, 6
2025/9/2, 32, 33, 16, 13, 2, 6
2025/9/3, 57, 44, 25, 11, 2, 4
2025/9/4, 66, 54, 16, 11, 3, 6
2025/9/5, 78, 72, 20, 13, 3, 4
2025/9/6, 96, 67, 8, 13, 3, 7
2025/9/7, 67, 71, 24, 10, 3, 5
2025/9/8, 71, 76, 14, 11, 2, 3
2025/9/9, 84, 65, 14, 9, 2, 5
2025/9/10, 68, 85, 11, 14, 2, 4
2025/9/11, 78, 92, 11, 14, 2, 4
2025/9/12, 75, 88, 12, 14, 3, 4
2025/9/13, 72, 98, 15, 16, 2, 5
2025/9/14, 93, 94, 13, 14, 2, 5
2025/9/15, 88, 73, 17, 11, 2, 3
2025/9/16, 74, 91, 18, 14, 3, 6
2025/9/17, 114, 97, 25, 16, 4, 7
2025/9/18, 128, 254, 19, 11, 4, 12
2025/9/19, 145, , , , , 
2025/9/25, 85, 104, 20, 10, 7, 5
2025/9/26, 117, 106, 35, 11, 6, 6
2025/9/27, 140, 114, 22, 12, 3, 5
2025/9/28, 98, 103, 32, 13, 4, 6
2025/9/29, 104, 99, 17, 15, 5, 7
2025/9/30, 128, 66, 31, 12, 2, 7
2025/4/1, 241, 333, 27, 25, 19, 6
2025/4/2, 229, 253, 39, 28, 5, 5
2025/4/3, 157, 309, 33, 25, 13, 5
2025/4/4, 196, 183, 32, 19, 15, 5
2025/4/5, 167, 190, 33, 21, 20, 5
2025/4/6, 185, 379, 55, 27, 7, 10
2025/4/7, 194, 207, 57, 28, 5, 4
2025/4/8, 172, 171, 46, 22, 6, 5
2025/4/9, 166, 240, 36, 19, 5, 3
2025/4/10, 131, 141, 32, 18, 4, 3
2025/4/11, 123, 111, 46, 16, 6, 4
2025/4/12, 114, 134, 52, 21, 6, 10
2025/4/13, 138, 165, 45, 26, 4, 5
2025/4/14, 151, 134, 45, 25, 7, 4
2025/4/15, 142, 171, 52, 26, 5, 5
2025/4/16, 160, 270, 43, 24, 6, 5
2025/4/17, 161, 235, 51, 22, 4, 4
2025/4/18, 164, 168, 29, 18, 4, 4
2025/4/19, 138, 134, 30, 19, 5, 4
2025/4/20, 127, 245, 22, 23, 7, 4
2025/4/21, 154, 273, 25, 21, 14, 4
2025/4/22, 175, 263, 29, 25, 12, 4
2025/4/23, 196, 327, 25, 28, 15, 5
2025/4/24, 233, 258, 33, 23, 6, 6
2025/4/25, 171, 419, 29, 33, 13, 8
2025/4/26, 234, 278, 34, 26, 10, 6
2025/4/27, 182, 223, 46, 29, 8, 6
2025/4/28, 176, 202, 31, 20, 6, 4
2025/4/29, 152, 163, 32, 20, 5, 4
2025/4/30, 156, 159, 30, 18, 5, 4
2025/5/1, 158, 175, 24, 14, 5, 3
2025/5/2, 124, 181, 17, 27, 3, 8
2025/5/3, 147, 227, 28, 24, 5, 5
2025/5/4, 157, 91, 17, 18, 4, 4
2025/5/5, 105, 142, 21, 26, 5, 4
2025/5/6, 145, 138, 21, 19, 4, 7
2025/5/7, 149, 137, 15, 17, 6, 6
2025/5/8, 147, 141, 15, 19, 5, 5
2025/5/9, 148, 322, 13, 21, 8, 5
2025/5/10, 215, 172, 14, 17, 5, 4
2025/5/11, 144, 156, 13, 16, 6, 3
2025/5/12, 143, 207, 16, 6, 2, 1
2025/5/13, 106, 205, 21, 7, 4, 3
2025/5/14, 135, 405, 30, 14, 7, 5
2025/5/15, 317, 338, 25, 21, 10, 5
2025/5/16, 190, 153, 21, 15, 3, 3
2025/5/17, 119, 162, 30, 14, 5, 4
2025/5/18, 140, 189, 21, 12, 4, 6
2025/5/19, 161, 228, 19, 13, 3, 5
2025/5/20, 160, 185, 27, 14, 5, 5
2025/5/21, 178, 82, 12, 13, 4, 4
2025/5/22, 80, 111, 13, 13, 3, 5
2025/5/23, 107, 131, 10, 12, 4, 5
2025/5/24, 140, 139, 6, 10, 4, 3
2025/5/25, 95, 138, 9, 12, 3, 8
2025/5/26, 122, 135, 73, 15, 3, 3
2025/5/27, 131, 138, 70, 12, 4, 4
2025/5/28, 128, 175, 38, 15, 3, 3
2025/5/29, 145, 190, 34, 17, 4, 5
2025/5/30, 148, 313, 41, 21, 4, 5
2025/5/31, 167, 239, 22, 9, 3, 2
2025/6/1, 126, 134, 38, 11, 3, 4
2025/6/2, 122, 146, 25, 16, 4, 4
2025/6/3, 127, 202, 29, 14, 4, 4
2025/6/4, 132, 146, 36, 14, 5, 3
2025/6/5, 127, 148, 38, 14, 4, 3
2025/6/6, 117, 211, 46, 24, 4, 5
2025/6/7, 155, 163, 37, 12, 5, 2
2025/6/8, 144, 302, 32, 17, 9, 5
2025/6/9, 165, 268, 23, 15, 10, 2
2025/6/10, 152, 219, 30, 15, 5, 5
2025/6/11, 153, 165, 32, 14, 4, 5
2025/6/12, 157, 191, 18, 15, 3, 4
2025/6/13, 143, 144, 30, 14, 3, 5
2025/6/14, 146, 156, 40, 12, 3, 2
2025/6/15, 114, 111, 32, 12, 3, 5
2025/6/16, 107, 97, 31, 12, 3, 4
2025/6/17, 108, 108, 42, 14, 3, 9
2025/6/18, 116, 93, 27, 16, 4, 4
2025/6/19, 94, 89, 32, 14, 3, 3
2025/6/20, 85, 83, 28, 15, 4, 6
2025/6/21, 78, 100, 28, 13, 2, 1
2025/6/22, 88, 112, 38, 13, 3, 5
2025/6/23, 113, 152, 12, 14, 3, 3
2025/6/24, 117, 143, 16, 13, 2, 5
2025/6/25, 141, 101, 23, 12, 2, 3
2025/6/26, 87, 93, 28, 12, 3, 4
2025/6/27, 68, 99, 25, 14, 3, 4
2025/6/28, 89, 99, 14, 14, 3, 4
2025/6/29, 91, 83, 14, 15, 3, 8
2025/6/30, 84, 101, 25, 10, 3, 5
2025/1/1, 256, 221, 10, 16, 3, 11
2025/1/2, 244, 241, 3, 16, 3, 13
2025/1/3, 247, 609, 13, 41, 4, 23
2025/1/4, 465, 271, 14, 23, 2, 12
2025/1/5, 261, 172, 12, 16, 3, 10
2025/1/6, 222, 204, 15, 15, 1, 10
2025/1/7, 230, 283, 23, 24, 1, 10
2025/1/8, 222, 542, 25, 34, 2, 21
2025/1/9, 375, 453, 13, 32, 4, 18
2025/1/10, 407, 198, 10, 25, 2, 12
2025/1/11, 251, 135, 15, 19, , 9
2025/1/12, 207, 150, 13, 17, 1, 11
2025/1/13, 190, 221, 21, 20, 2, 14
2025/1/14, 229, 427, 13, 33, 2, 15
2025/1/15, 365, 203, 23, 26, 1, 7
2025/1/16, 241, 142, 17, 16, , 5
2025/1/17, 198, 208, 19, 20, 1, 7
2025/1/18, 223, 435, 26, 23, 1, 13
2025/1/19, 330, 278, 27, 23, 1, 5
2025/1/20, 244, 290, 29, 24, 3, 5
2025/1/21, 224, 180, 24, 24, 3, 5
2025/1/22, 211, 191, 26, 22, 3, 4
2025/1/23, 212, 140, 27, 16, 4, 3
2025/1/24, 171, 271, 26, 22, 3, 6
2025/1/25, 167, 199, 32, 20, 1, 3
2025/1/26, 183, 236, 35, 22, 1, 5
2025/1/27, 207, 341, 34, 25, 3, 8
2025/1/28, 233, 527, 37, 33, 2, 13
2025/1/29, 373, 410, 32, 31, 4, 10
2025/1/30, 291, 334, 24, 21, 1, 8
2025/1/31, 294, 186, 19, 18, 2, 7
2025/2/1, 227, 186, 21, 20, 3, 5
2025/2/2, 241, 185, 24, 23, 3, 5
2025/2/3, 201, 310, 19, 34, 3, 9
2025/2/4, 258, 201, 32, 22, 3, 4
2025/2/5, 207, 181, 32, 22, 4, 4
2025/2/6, 194, 160, 33, 21, 3, 3
2025/2/7, 169, 221, 34, 27, 3, 4
2025/2/8, 176, 192, 40, 28, 5, 4
2025/2/9, 202, 287, 34, 31, 5, 6
2025/2/10, 259, 402, 39, 31, 2, 9
2025/2/11, 257, 217, 30, 22, 1, 4
2025/2/12, 183, 138, 34, 19, 3, 3
2025/2/13, 152, 145, 35, 25, 4, 3
2025/2/14, 152, 221, 40, 31, 5, 5
2025/2/15, 183, 323, 39, 28, 3, 9
2025/2/16, 269, 259, 32, 26, 7, 6
2025/2/17, 224, 220, 29, 25, 5, 4
2025/2/18, 181, 188, 33, 24, 4, 4
2025/2/19, 177, 127, 28, 24, 3, 4
2025/2/20, 150, 140, 32, 21, 3, 5
2025/2/21, 177, 118, 29, 16, 4, 3
2025/2/22, 160, 142, 34, 20, 3, 4
2025/2/23, 174, 164, 36, 21, 3, 4
2025/2/24, 180, 227, 37, 23, 3, 7
2025/2/25, 203, 331, 45, 27, 3, 8
2025/2/26, 211, 220, 18, 21, 3, 6
2025/2/27, 158, 103, 21, 18, 3, 4
2025/2/28, 155, 86, 25, 19, 3, 4
2025/3/1, 157, 95, 22, 15, 1, 3
2025/3/2, 137, 138, 34, 21, 3, 4
2025/3/3, 168, 122, 26, 16, 2, 3
2025/3/4, 146, 122, 25, 11, 2, 2
2025/3/5, 99, 193, 30, 18, 3, 5
2025/3/6, 142, 288, 30, 23, 6, 7
2025/3/7, 199, 215, 32, 21, 6, 5
2025/3/8, 175, 255, 43, 27, 3, 10
2025/3/9, 183, 197, 40, 27, 2, 6
2025/3/10, 174, 212, 46, 23, 5, 5
2025/3/11, 181, 270, 27, 19, 5, 6
2025/3/12, 212, 202, 30, 17, 10, 4
2025/3/13, 209, 165, 34, 16, 5, 7
2025/3/14, 171, 68, 33, 11, 2, 1
2025/3/15, 78, 116, 25, 12, 6, 1
2025/3/16, 135, 121, 30, 13, 5, 3
2025/3/17, 148, 153, 23, 15, 5, 5
2025/3/18, 121, 185, 31, 16, 8, 10
2025/3/19, 176, 230, 25, 18, 5, 4
2025/3/20, 175, 180, 26, 15, 8, 4
2025/3/21, 171, 201, 32, 17, 12, 6
2025/3/22, 188, 182, 37, 19, 7, 5
2025/3/23, 178, 222, 39, 20, 4, 8
2025/3/24, 170, 261, 40, 22, 4, 7
2025/3/25, 183, 269, 40, 23, 6, 6
2025/3/26, 155, 360, 22, 24, 5, 7
2025/3/27, 189, 246, 31, 13, 5, 3
2025/3/28, 153, 209, 31, 14, 6, 2
2025/3/29, 122, 129, 32, 15, 12, 3
2025/3/30, 126, 167, 29, 19, 22, 4
2025/3/31, 173, 243, 27, 20, 20, 5
2024/10/1, 157, 266, 18, 23, 4, 10
2024/10/2, 156, 201, 18, 21, 6, 10
2024/10/3, 131, 270, 15, 20, 4, 9
2024/10/4, 133, 239, 10, 18, 5, 9
2024/10/5, 112, 150, 21, 17, 5, 7
2024/10/6, 119, 138, 16, 12, 5, 8
2024/10/7, 128, 192, 19, 14, 5, 9
2024/10/8, 162, 138, 23, 12, 5, 9
2024/10/9, 155, 122, 21, 12, 5, 8
2024/10/10, 131, 151, 34, 16, 6, 8
2024/10/11, 153, 170, 34, 21, 6, 10
2024/10/12, 163, 220, 34, 21, 5, 10
2024/10/13, 163, 225, 30, 23, 6, 10
2024/10/14, 171, 310, 36, 27, 6, 11
2024/10/15, 177, 357, 36, 33, 5, 14
2024/10/16, 192, 416, 47, 37, 5, 19
2024/10/17, 226, 493, 26, 35, 6, 20
2024/10/18, 235, 481, 20, 38, 4, 17
2024/10/19, 219, 373, 41, 29, 6, 15
2024/10/20, 236, 260, 36, 25, 5, 13
2024/10/21, 219, 399, 25, 30, 5, 17
2024/10/22, 252, 324, 27, 20, 5, 14
2024/10/23, 277, 200, 27, 14, 6, 12
2024/10/24, 227, 247, 24, 22, 6, 12
2024/10/25, 192, 301, 34, 28, 6, 14
2024/10/26, 210, 448, 39, 41, 4, 21
2024/10/27, 277, 303, 27, 36, 6, 16
2024/10/28, 217, 297, 30, 32, 5, 17
2024/10/29, 195, 348, 22, 28, 5, 17
2024/10/30, 225, 280, 20, 16, 7, 14
2024/10/31, 250, 260, 21, 14, 8, 14
2024/11/1, 274, 214, 26, 20, 7, 16
2024/11/2, 239, 381, 18, 25, 7, 18
2024/11/3, 329, 378, 18, 25, 6, 19
2024/11/4, 311, 526, 18, 33, 7, 26
2024/11/5, 298, 503, 16, 33, 5, 24
2024/11/6, 320, 492, 15, 43, 6, 27
2024/11/7, 331, 387, 3, 39, 4, 21
2024/11/8, 278, 308, 3, 37, 5, 19
2024/11/9, 251, 270, 3, 28, 5, 16
2024/11/10, 262, 382, 3, 34, 6, 23
2024/11/11, 302, 313, 3, 27, 5, 19
2024/11/12, 288, , 3, 17, 4, 25
2024/11/13, 474, , 2, 25, 4, 27
2024/11/14, 429, , , , , 
2024/11/16, 371, 602, 26, 21, 4, 12
2024/11/17, 525, 877, 28, 18, 7, 14
2024/11/18, 677, 505, 42, 20, 6, 9
2024/11/19, 391, 442, 25, 21, 6, 9
2024/11/20, 366, 368, 18, 23, 4, 7
2024/11/21, 301, 521, 15, 26, 6, 8
2024/11/22, 370, 562, 13, 32, 7, 13
2024/11/23, 338, 344, 10, 24, 2, 9
2024/11/24, 237, 478, 11, 19, 7, 10
2024/11/25, 327, 346, 8, 21, 7, 9
2024/11/26, 254, 315, 8, 27, 7, 11
2024/11/27, 212, 433, 9, 36, 6, 13
2024/11/28, 302, 509, 9, 38, 8, 15
2024/11/29, 333, 432, 29, 28, 4, 15
2024/11/30, 304, 279, 29, 22, 5, 10
2024/12/1, 244, 297, 26, 24, 6, 11
2024/12/2, 227, 206, 24, 23, 5, 9
2024/12/3, 209, 157, 21, 15, 4, 7
2024/12/4, 156, 174, 25, 17, 6, 7
2024/12/5, 163, 188, 26, 19, 5, 8
2024/12/6, 164, 218, 26, 24, 7, 15
2024/12/7, 217, 339, 23, 28, 4, 16
2024/12/8, 310, 158, 21, 18, 4, 7
2024/12/9, 190, 178, 24, 19, 4, 7
2024/12/10, 182, 228, 26, 21, 5, 9
2024/12/11, 214, 340, 24, 23, 5, 9
2024/12/12, 250, 190, 33, 16, 5, 7
2024/12/13, 193, 197, 26, 21, 6, 9
2024/12/14, 197, 342, 25, 28, 4, 12
2024/12/15, 271, 415, 40, 29, 5, 12
2024/12/16, 344, 635, 46, 40, 5, 18
2024/12/17, 435, 526, 23, 30, 6, 16
2024/12/18, 413, 572, 27, 39, 4, 23
2024/12/19, 460, 487, 24, 27, 1, 14
2024/12/20, 415, 349, 28, 24, 4, 11
2024/12/21, 322, 538, 37, 38, 6, 17
2024/12/22, 399, 441, 11, 31, 4, 14
2024/12/23, 388, 294, 16, 24, 4, 13
2024/12/24, 304, 262, 12, 21, 5, 10
2024/12/25, 301, 344, 14, 28, 7, 14
2024/12/26, 300, 228, 10, 22, 3, 10
2024/12/27, 253, 111, 5, 17, 4, 8
2024/12/28, 180, 107, 13, 10, 3, 6
2024/12/29, 176, , , , , 
2024/7/1, 95, 221, 26, 21, , 8
2024/7/2, 108, 176, 27, 24, , 8
2024/7/3, 94, 82, 35, 20, 2, 8
2024/7/4, 82, 135, 14, 29, 2, 10
2024/7/5, 113, 145, 45, 13, 2, 7
2024/7/6, 71, 60, 42, 15, 1, 7
2024/7/7, 41, 79, 35, 14, 1, 7
2024/7/8, 55, 198, 37, 23, 1, 9
2024/7/9, 105, 248, 24, 23, , 9
2024/7/10, 141, 101, 29, 25, 4, 8
2024/7/11, 103, 92, 41, 15, 5, 6
2024/7/12, 79, 102, 32, 25, 5, 8
2024/7/13, 104, 128, 30, 18, 5, 8
2024/7/14, 127, 85, 29, 22, 5, 9
2024/7/15, 100, 159, 28, 20, 4, 8
2024/7/16, 127, 97, 60, 63, 6, 8
2024/7/17, 95, 86, 33, 37, 4, 11
2024/7/18, 111, 236, 26, 27, 5, 8
2024/7/19, 143, 191, 29, 17, 5, 8
2024/7/20, 124, 84, 16, 17, 5, 7
2024/7/21, 108, 76, 13, 26, 7, 10
2024/7/22, 95, 99, 12, 26, 4, 9
2024/7/23, 121, 99, 16, 24, 6, 7
2024/7/24, 123, 153, 11, 19, 5, 9
2024/7/25, 121, 99, 9, 17, 5, 8
2024/7/26, 108, 157, 9, 19, 5, 
2024/7/27, 128, 96, 10, 17, 4, 
2024/7/28, 99, 77, 12, 15, 5, 8
2024/7/29, 88, 88, 12, 17, 6, 6
2024/7/30, 103, 74, 18, 16, 5, 6
2024/7/31, 86, 26, 31, 16, 6, 6
2024/8/1, 38, 55, 8, 21, 5, 8
2024/8/2, 82, 54, 11, 17, 5, 7
2024/8/3, 65, 42, 11, 13, 5, 6
2024/8/4, 45, 39, 14, 13, 6, 6
2024/8/5, 53, 46, 22, 14, 6, 6
2024/8/6, 48, 27, 13, 16, 5, 7
2024/8/7, 38, 21, 13, 14, 5, 7
2024/8/8, 46, 53, 13, 16, 5, 7
2024/8/9, 73, 76, 8, 22, 4, 8
2024/8/10, 104, 45, 10, 17, 5, 7
2024/8/11, 68, 42, 16, 15, 5, 7
2024/8/12, 78, 35, 23, 16, 5, 7
2024/8/13, 73, 64, 17, 15, 5, 8
2024/8/14, 121, 63, 18, 10, 5, 6
2024/8/15, 92, 34, 17, 11, 5, 6
2024/8/16, 61, 48, 21, 16, 5, 8
2024/8/17, 85, 64, 20, 12, 5, 7
2024/8/18, 89, 94, 18, 10, 5, 8
2024/8/19, 104, 39, 20, 10, 5, 7
2024/8/20, 77, 47, 21, 16, 5, 7
2024/8/21, 85, 56, 15, 11, 5, 6
2024/8/22, 72, 66, 19, 10, 5, 8
2024/8/23, 79, 94, 18, 12, 5, 8
2024/8/24, 123, 49, 17, 10, 5, 7
2024/8/25, 79, 51, 21, 10, 5, 7
2024/8/26, 79, 36, 17, 12, 6, 7
2024/8/27, 62, 37, 11, 12, 5, 7
2024/8/28, 64, 49, 8, 13, 5, 9
2024/8/29, 81, 74, 25, 13, 5, 10
2024/8/30, 116, 94, 13, 13, 4, 6
2024/8/31, 116, 202, 20, 9, 5, 6
2024/9/1, 118, 70, 13, 8, 5, 9
2024/9/2, 102, 84, 16, 11, 5, 7
2024/9/3, 96, 79, 11, 13, 5, 8
2024/9/4, 83, 79, 8, 12, 5, 8
2024/9/5, 104, 149, 23, 12, 5, 7
2024/9/6, 90, 68, 18, 33, 5, 7
2024/9/7, 76, 214, 29, 11, 4, 8
2024/9/8, 128, 238, 18, 11, 5, 9
2024/9/9, 134, 117, 60, 24, 5, 10
2024/9/10, 130, 172, 43, 16, 5, 8
2024/9/11, 106, 77, 48, 16, 5, 7
2024/9/12, 58, 30, 16, 12, 3, 6
2024/9/13, 42, 93, 30, 15, 5, 9
2024/9/14, 98, 114, 14, 17, 5, 8
2024/9/15, 111, 124, 12, 8, 5, 8
2024/9/16, 116, 184, 3, 10, 4, 9
2024/9/17, 134, 85, 7, 16, 5, 9
2024/9/18, 103, 63, 5, 13, 5, 9
2024/9/19, 92, 188, 9, 20, 7, 9
2024/9/20, 106, 188, 18, 20, 5, 10
2024/9/21, 138, 195, 6, 14, 4, 9
2024/9/22, 155, 251, 9, 10, 5, 9
2024/9/23, 170, 119, 9, 11, 5, 8
2024/9/24, 159, 135, 13, 19, 4, 9
2024/9/25, 148, 83, 14, 15, 4, 8
2024/9/26, 85, 76, 11, 15, 5, 7
2024/9/27, 44, 69, 18, 15, 4, 8
2024/9/28, 58, 80, 13, 13, 5, 8
2024/9/29, 88, 205, 15, 14, 5, 9
2024/9/30, 163, 166, 21, 16, 5, 9
2024/4/1, 148, 158, 43, 10, 12, 7
2024/4/2, 157, 201, 68, 17, 5, 8
2024/4/3, 157, 170, 56, 13, 13, 7
2024/4/4, 146, 193, 50, 13, 9, 7
2024/4/5, 151, 169, 78, 11, 13, 7
2024/4/6, 161, 182, 28, 21, 19, 11
2024/4/7, 119, 235, 39, 28, 19, 8
2024/4/8, 259, 286, 64, 35, 8, 8
2024/4/9, 184, 203, 87, 40, 7, 10
2024/4/10, 176, 241, 68, 35, 5, 9
2024/4/11, 164, 215, 87, 35, 15, 9
2024/4/12, 181, 119, 64, 19, 3, 6
2024/4/13, 115, 113, 36, 20, 2, 8
2024/4/14, 145, 321, 34, 34, 5, 12
2024/4/15, 220, 273, 30, 24, 9, 9
2024/4/16, 178, 114, 45, 14, 10, 6
2024/4/17, 118, 139, 30, 24, 7, 6
2024/4/18, 126, 213, 30, 28, 7, 8
2024/4/19, 137, 222, 45, 18, 12, 6
2024/4/20, 142, 124, 41, 17, 13, 6
2024/4/21, 123, 127, 46, 21, 13, 7
2024/4/22, 133, 236, 28, 31, 13, 9
2024/4/23, 185, 181, 45, 28, 8, 10
2024/4/24, 168, 124, 33, 20, 8, 7
2024/4/25, 92, 177, 58, 26, 9, 9
2024/4/26, 153, 152, 40, 20, 8, 7
2024/4/27, 130, 140, 45, 19, 12, 8
2024/4/28, 138, 203, 49, 22, 8, 9
2024/4/29, 156, 163, 52, 17, 14, 8
2024/4/30, 150, 207, 42, 15, 12, 8
2024/5/1, 156, 190, 43, 19, 18, 8
2024/5/2, 169, 296, 72, 28, 21, 11
2024/5/3, 248, 393, 79, 36, 26, 14
2024/5/4, 291, 635, 68, 42, 29, 20
2024/5/5, 392, 241, 60, 24, 12, 9
2024/5/6, 171, 471, 79, 39, 18, 14
2024/5/7, 310, 166, 34, 25, 2, 8
2024/5/8, 156, 122, 67, 21, 3, 9
2024/5/9, 133, 197, 56, 22, 3, 10
2024/5/10, 160, 177, 61, 20, 4, 7
2024/5/11, 137, 202, 63, 25, 6, 10
2024/5/12, 187, 207, 58, 26, 6, 10
2024/5/13, 178, 186, 67, 21, 12, 9
2024/5/14, 182, 337, 73, 37, 19, 15
2024/5/15, 252, 219, 89, 42, 8, 14
2024/5/16, 188, 209, 57, 33, 8, 10
2024/5/17, 177, 273, 62, 27, 14, 11
2024/5/18, 209, 305, 41, 28, 19, 10
2024/5/19, 203, 230, 40, 24, 12, 8
2024/5/20, 154, 191, 59, 31, 5, 11
2024/5/21, 162, 138, 36, 24, 3, 10
2024/5/22, 170, 110, 34, 21, 3, 9
2024/5/23, 135, 98, 44, 22, 2, 9
2024/5/24, 118, 128, 36, 24, 2, 9
2024/5/25, 152, 154, 35, 22, 10, 7
2024/5/26, 111, 262, 41, 33, 14, 12
2024/5/27, 186, 284, 40, 44, 11, 13
2024/5/28, 170, 211, 31, 40, 4, 11
2024/5/29, 145, 179, 42, 35, 5, 8
2024/5/30, 133, 228, 44, 33, 5, 9
2024/5/31, 145, 272, 22, 29, 6, 10
2024/6/1, 155, 137, 37, 23, 4, 8
2024/6/2, 119, 176, 33, 23, 6, 8
2024/6/3, 136, 252, 41, 28, 4, 8
2024/6/4, 186, 222, 25, 20, 5, 6
2024/6/5, 155, 134, 47, 22, 4, 6
2024/6/6, 135, 251, 41, 19, 5, 6
2024/6/7, 166, 230, 47, 19, 12, 7
2024/6/8, 140, 135, 57, 17, 9, 7
2024/6/9, 128, 130, 61, 18, 10, 7
2024/6/10, 131, 271, 71, 32, 22, 9
2024/6/11, 178, 306, 50, 29, 15, 9
2024/6/12, 163, 207, 40, 23, 9, 7
2024/6/13, 136, 218, 46, 18, 4, 5
2024/6/14, 119, 160, 44, 19, 4, 7
2024/6/15, 115, 134, 39, 21, 13, 8
2024/6/16, 117, 164, 59, 22, 9, 8
2024/6/17, 134, 278, 33, 20, 6, 7
2024/6/18, 148, 240, 38, 21, 4, 7
2024/6/19, 137, 144, 76, 21, 2, 7
2024/6/20, 100, 139, 36, 25, 2, 9
2024/6/21, 141, 307, 54, 28, 1, 10
2024/6/22, 183, 98, 62, 23, 1, 9
2024/6/23, 135, 106, 28, 24, 1, 10
2024/6/24, 123, 124, 39, 23, 1, 10
2024/6/25, 151, 102, 39, 29, 1, 10
2024/6/26, 127, 70, 15, 29, , 9
2024/6/27, 89, 79, 32, 25, 2, 9
2024/6/28, 91, 217, 20, 27, 2, 11
2024/6/29, 105, 478, 18, 18, 1, 9
2024/6/30, 118, 140, 17, 21, 1, 8
2024/1/1, 250, 166, 13, 12, 13, 9
2024/1/2, 247, 215, 10, 17, 6, 11
2024/1/3, 281, 195, 5, 11, 4, 10
2024/1/4, 277, 149, 7, 10, 5, 9
2024/1/5, 218, 163, 9, 11, 5, 9
2024/1/6, 230, 227, 8, 18, 5, 11
2024/1/7, 279, 239, 7, 16, 8, 10
2024/1/8, 287, 147, 11, 9, 4, 8
2024/1/9, 207, 175, 7, 12, 5, 10
2024/1/10, 243, 222, 6, 14, 5, 11
2024/1/11, 281, 176, 9, 17, 4, 11
2024/1/12, 268, 469, 10, 26, 5, 20
2024/1/13, 450, 244, 4, 18, 3, 16
2024/1/14, 328, 164, 12, 16, 3, 13
2024/1/15, 252, 319, 15, 26, 4, 18
2024/1/16, 371, 314, 15, 28, 5, 14
2024/1/17, 331, 257, 11, 23, 4, 13
2024/1/18, 359, 235, 1, 26, 1, 14
2024/1/19, 295, 299, 3, 23, 2, 13
2024/1/20, 330, 127, 3, 12, 1, 11
2024/1/21, 206, 253, 4, 21, 1, 12
2024/1/22, 285, 280, 3, 20, 1, 12
2024/1/23, 321, 240, 2, 16, 2, 12
2024/1/24, 304, 164, 3, 15, 1, 13
2024/1/25, 246, 372, 5, 22, 1, 18
2024/1/26, 386, 260, 3, 28, 3, 11
2024/1/27, 273, 384, 3, 39, 5, 15
2024/1/28, 346, 262, 3, 22, 2, 13
2024/1/29, 301, 154, 2, 13, 1, 12
2024/1/30, 238, 273, 2, 33, 3, 18
2024/1/31, 357, 102, 1, 21, 1, 10
2024/2/1, 181, 103, , 14, 1, 10
2024/2/2, 184, 154, 1, 17, 2, 10
2024/2/3, 182, 179, 1, 26, 3, 11
2024/2/4, 220, 94, 1, 10, 4, 7
2024/2/5, 163, 93, 1, 12, 2, 8
2024/2/6, 152, 135, 5, 15, 2, 7
2024/2/7, 166, 105, 1, 12, 2, 7
2024/2/8, 138, 143, 1, 20, 1, 8
2024/2/9, 159, 259, 1, 25, 4, 11
2024/2/10, 266, 186, 1, 20, 3, 10
2024/2/11, 244, 222, 1, 22, 2, 11
2024/2/12, 245, 343, 2, 22, 3, 12
2024/2/13, 324, 226, , 20, 4, 10
2024/2/14, 272, 208, 1, 21, 2, 10
2024/2/15, 213, 196, 8, 21, 4, 10
2024/2/16, 222, 280, 8, 26, 4, 11
2024/2/17, 235, 412, 8, 33, 5, 13
2024/2/18, 243, 188, 10, 20, 4, 8
2024/2/19, 173, 168, 10, 22, 3, 10
2024/2/20, 192, 162, 8, 14, 1, 8
2024/2/21, 182, 123, 6, 16, 6, 7
2024/2/22, 140, 148, 8, 15, 9, 7
2024/2/23, 155, 230, 8, 21, 5, 8
2024/2/24, 175, 154, 8, 21, 4, 8
2024/2/25, 165, 153, 6, 19, 7, 8
2024/2/26, 158, 98, 6, 15, 5, 7
2024/2/27, 142, 110, 8, 12, 3, 7
2024/2/28, 148, 136, , 15, 4, 7
2024/2/29, 174, 156, 17, 26, 6, 9
2024/3/1, 161, 83, 17, 12, 2, 6
2024/3/2, 91, 116, 16, 10, 2, 6
2024/3/3, 106, 90, 15, 11, 3, 7
2024/3/4, 130, 94, 23, 9, 7, 6
2024/3/5, 140, 120, 17, 13, 6, 8
2024/3/6, 166, 196, 23, 17, 9, 8
2024/3/7, 202, 181, 23, 13, 5, 7
2024/3/8, 152, 140, 23, 11, 5, 6
2024/3/9, 146, 140, 5, 14, 11, 7
2024/3/10, 182, 110, 5, 10, 4, 6
2024/3/11, 135, 161, 5, 15, 5, 8
2024/3/12, 175, 154, 5, 16, 7, 8
2024/3/13, 182, 213, 5, 16, 9, 9
2024/3/14, 198, 175, 5, 11, 5, 7
2024/3/15, 136, 135, 5, 14, 10, 7
2024/3/16, 178, 161, 5, 17, 13, 8
2024/3/17, 206, 170, 5, 16, 19, 8
2024/3/18, 206, 215, 5, 18, 15, 9
2024/3/19, 219, 231, 5, 16, 19, 9
2024/3/20, 240, 171, 5, 17, 7, 9
2024/3/21, 186, 102, 5, 15, 5, 7
2024/3/22, 146, 189, , 9, 11, 5
2024/3/23, 201, 120, 24, 15, 6, 11
2024/3/24, 139, 126, 32, 9, 6, 8
2024/3/25, 169, 129, 21, 11, 13, 8
2024/3/26, 170, 204, 18, 17, 5, 8
2024/3/27, 173, 130, 30, 15, 7, 7
2024/3/28, 156, 170, 11, 20, 7, 10
2024/3/29, 193, 141, 34, 14, 3, 7
2024/3/30, 155, 111, 19, 5, 3, 6
2024/3/31, 96, 157, 30, 7, 10, 8
2023/10/1, 159, 134, 40, 16, 10, 7
2023/10/2, 148, 266, 42, 18, 10, 7
2023/10/3, 164, 294, 47, 20, 10, 8
2023/10/4, 164, 337, 49, 24, 11, 8
2023/10/5, 172, 292, 34, 22, 11, 10
2023/10/6, 167, 369, 18, 18, 7, 10
2023/10/7, 178, 191, 18, 17, 7, 8
2023/10/8, 136, 197, 17, 15, 8, 8
2023/10/9, 143, 174, 13, 16, 6, 8
2023/10/10, 252, 174, 59, 15, 8, 8
2023/10/11, 179, 255, 33, 19, 8, 9
2023/10/12, 203, 407, 40, 20, 8, 11
2023/10/13, 271, 406, 37, 23, 8, 13
2023/10/14, 231, 355, 37, 19, 8, 10
2023/10/15, 181, 189, 24, 16, 8, 7
2023/10/16, 132, 92, 24, 19, 9, 8
2023/10/17, 111, 103, 26, 16, 7, 6
2023/10/18, 133, 116, 34, 17, 9, 7
2023/10/19, 141, 190, 24, 19, 7, 9
2023/10/20, 206, 229, 14, 22, 3, 9
2023/10/21, 233, 265, 13, 19, 6, 11
2023/10/22, 252, 205, 14, 17, 3, 9
2023/10/23, 234, 153, 13, 15, 2, 9
2023/10/24, 188, 155, 14, 13, 2, 8
2023/10/25, 186, 171, 14, 17, 2, 10
2023/10/26, 222, 258, 14, 24, 3, 11
2023/10/27, 229, 374, 14, 29, 3, 15
2023/10/28, 270, 537, 36, 38, 1, 23
2023/10/29, 314, 469, 41, 36, 2, 16
2023/10/30, 319, 439, 31, 34, 2, 17
2023/10/31, 316, 377, 28, 29, 2, 14
2023/11/1, 332, 519, 19, 32, 2, 20
2023/11/2, 451, 418, 23, 27, 4, 15
2023/11/3, 412, 383, 19, 28, 7, 17
2023/11/4, 395, 448, 18, 28, 6, 17
2023/11/5, 442, 482, 27, 40, 6, 21
2023/11/6, 350, 444, 27, 37, 7, 19
2023/11/7, 347, 427, 14, 32, 7, 16
2023/11/8, 364, 434, 14, 36, 6, 20
2023/11/9, 381, 203, 11, 26, 6, 9
2023/11/10, 211, 85, 10, 12, 4, 9
2023/11/11, 137, 126, 17, 14, 6, 8
2023/11/12, 206, 266, 20, 18, 8, 11
2023/11/13, 368, 238, 16, 22, 5, 12
2023/11/14, 310, 299, 20, 23, 5, 12
2023/11/15, 359, 504, 19, 33, 6, 18
2023/11/16, 441, 450, 21, 33, 5, 15
2023/11/17, 378, 279, 16, 37, 5, 15
2023/11/18, 272, 252, 23, 30, 5, 13
2023/11/19, 262, 332, 21, 31, 5, 17
2023/11/20, 303, 310, 15, 23, 5, 12
2023/11/21, 350, 324, 20, 25, 7, 14
2023/11/22, 334, 401, 27, 40, 7, 18
2023/11/23, 343, 529, 28, 41, 6, 21
2023/11/24, 424, 478, 20, 38, 6, 16
2023/11/25, 395, 499, 21, 43, 7, 24
2023/11/26, 374, 429, 14, 36, 6, 14
2023/11/27, 358, 150, 10, 24, 6, 10
2023/11/28, 227, 230, 14, 28, 6, 13
2023/11/29, 265, 392, 17, 32, 6, 17
2023/11/30, 370, 225, 16, 16, 6, 11
2023/12/1, 290, 250, 15, 21, 7, 10
2023/12/2, 265, 302, 20, 28, 7, 11
2023/12/3, 280, 219, 15, 22, 6, 11
2023/12/4, 244, 204, 16, 21, 7, 11
2023/12/5, 248, 253, 13, 28, 6, 11
2023/12/6, 236, 280, 14, 31, 7, 12
2023/12/7, 257, 267, 15, 28, 6, 13
2023/12/8, 255, 262, 16, 27, 6, 13
2023/12/9, 260, 290, 10, 34, 7, 15
2023/12/10, 253, 276, 17, 26, 6, 14
2023/12/11, 256, 459, 13, 36, 4, 12
2023/12/12, 350, 367, 14, 31, 4, 6
2023/12/13, 334, 303, 12, 27, 7, 9
2023/12/14, 286, 316, 12, 31, 6, 13
2023/12/15, 283, 393, 14, 32, 7, 13
2023/12/16, 323, 339, 15, 30, 6, 12
2023/12/17, 296, 214, 14, 22, 4, 10
2023/12/18, 260, 222, 14, 23, 5, 10
2023/12/19, 227, 272, 10, 27, 5, 11
2023/12/20, 235, 326, 19, 27, 6, 13
2023/12/21, 330, 425, 20, 33, 7, 28
2023/12/22, 383, 574, 17, 40, 5, 17
2023/12/23, 446, 409, 21, 29, 6, 15
2023/12/24, 399, 284, 18, 23, 5, 13
2023/12/25, 307, 319, 10, 22, 4, 14
2023/12/26, 366, 209, 4, 15, 3, 14
2023/12/27, 307, 159, 8, 13, 5, 11
2023/12/28, 254, 430, 12, 30, 5, 15
2023/12/29, 406, 319, 11, 25, 5, 13
2023/12/30, 360, 255, 12, 25, 5, 13
2023/12/31, 321, 194, 8, 10, 4, 8
2023/7/1, 79, 76, 11, 9, 2, 7
2023/7/2, 101, 102, 10, 12, 2, 7
2023/7/3, 129, 111, 19, 17, 1, 10
2023/7/4, 117, 68, 13, 12, 2, 9
2023/7/5, 115, 58, , 13, 2, 8
2023/7/6, 96, 72, , 12, 2, 8
2023/7/7, 108, 48, 9, 13, 2, 9
2023/7/8, 96, 34, 8, 11, 2, 8
2023/7/9, 85, 41, 5, 9, 1, 7
2023/7/10, 85, 51, 12, 8, 5, 7
2023/7/11, 88, 60, 29, 11, 10, 9
2023/7/12, 99, 71, 33, 10, 7, 8
2023/7/13, 114, , , , , 
2023/7/21, 111, 84, 6, 9, 7, 8
2023/7/22, 106, 74, 33, 7, 11, 8
2023/7/23, 92, 75, 27, 8, 7, 7
2023/7/24, 92, 87, 8, 9, 11, 8
2023/7/25, 142, 58, 26, 10, 9, 8
2023/7/26, 80, 81, 28, 13, 7, 8
2023/7/27, 125, 65, 24, 12, 13, 7
2023/7/28, 120, 35, 8, 11, 8, 7
2023/7/29, 53, 56, 12, 10, 11, 6
2023/7/30, 67, 96, 23, 12, 10, 7
2023/7/31, 134, 90, 7, 12, 9, 7
2023/8/1, 83, 88, 9, 11, 8, 6
2023/8/2, 80, 87, 16, 10, 9, 6
2023/8/3, 87, 98, 28, 11, 7, 7
2023/8/4, 104, 72, 11, 15, 8, 8
2023/8/5, 106, 104, 16, 12, 7, 6
2023/8/6, 88, 106, 17, 11, 8, 6
2023/8/7, 77, 132, 18, 10, 7, 6
2023/8/8, 78, 111, 16, 11, 7, 6
2023/8/9, 85, 123, 20, 9, 8, 6
2023/8/10, 92, 123, 21, 10, 8, 6
2023/8/11, 95, 126, 22, 10, 8, 6
2023/8/12, 87, 95, 21, 10, 8, 6
2023/8/13, 69, 108, 34, 11, 8, 6
2023/8/14, 96, 84, 33, 10, 7, 6
2023/8/15, 116, 119, 29, 12, 8, 7
2023/8/16, 129, 153, 26, 11, 8, 7
2023/8/17, 125, 185, 28, 11, 8, 6
2023/8/18, 125, 81, 44, 12, 7, 7
2023/8/19, 118, 76, 31, 12, 10, 8
2023/8/20, 107, 100, 35, 12, 7, 7
2023/8/21, 114, 95, 23, 13, 9, 8
2023/8/22, 121, 64, 14, 12, 8, 8
2023/8/23, 74, 120, 16, 11, 7, 7
2023/8/24, 89, 129, 15, 9, 9, 6
2023/8/25, 94, 169, 15, 11, 8, 6
2023/8/26, 122, 165, 16, 9, 7, 5
2023/8/27, 128, 149, 13, 9, 9, 6
2023/8/28, 117, 155, 15, 10, 9, 6
2023/8/29, 115, 153, 24, 9, 8, 7
2023/8/30, 131, 152, 18, 10, 9, 7
2023/8/31, 140, 147, 14, 10, 8, 7
2023/9/1, 120, 181, 18, 10, 9, 6
2023/9/2, 125, 144, 20, 9, 10, 6
2023/9/3, 117, 130, 18, 10, 10, 7
2023/9/4, 114, 110, 36, 11, 11, 7
2023/9/5, 118, 100, 29, 13, 10, 9
2023/9/6, 106, 72, 33, 13, 11, 8
2023/9/7, 90, 63, 37, 12, 10, 8
2023/9/8, 83, 24, 15, 9, 10, 6
2023/9/9, 35, 9, 14, 8, 11, 6
2023/9/10, 21, 49, 22, 12, 11, 8
2023/9/11, 90, 96, 24, 15, 14, 9
2023/9/12, 118, 128, 41, 18, 11, 9
2023/9/13, 139, 125, 15, 17, 7, 9
2023/9/14, 146, 89, 18, 16, 8, 8
2023/9/15, 102, 65, , 14, 7, 8
2023/9/16, 94, 56, 9, 15, 7, 7
2023/9/17, 69, 55, 10, 13, 8, 6
2023/9/18, 50, 72, 19, 15, 8, 6
2023/9/19, 91, 133, 30, 15, 8, 7
2023/9/20, 88, 120, 28, 17, 8, 8
2023/9/21, 149, 118, 22, 15, 8, 8
2023/9/22, 147, 136, 18, 17, 7, 9
2023/9/23, 149, 161, 24, 16, 8, 9
2023/9/24, 178, 121, 37, 15, 7, 9
2023/9/25, 218, 131, 25, 16, 8, 8
2023/9/27, 135, 121, 26, 16, 8, 9
2023/9/28, 154, 293, 57, 18, 10, 8
2023/9/29, 167, 173, 40, 16, 8, 7
2023/9/30, 157, 169, 36, 17, 11, 7
2023/4/1, 130, 101, 32, 3, 13, 11
2023/4/2, 166, 222, 34, 3, 4, 11
2023/4/3, 150, 106, 27, 3, 1, 8
2023/4/4, 105, 140, 33, 3, 4, 8
2023/4/5, 153, 122, 31, 3, 7, 8
2023/4/6, 123, 153, 36, 5, 5, 7
2023/4/7, 157, 239, 44, 15, 2, 9
2023/4/8, 148, 240, 48, 17, 6, 9
2023/4/9, 218, 293, 52, 16, 6, 10
2023/4/10, 189, 393, 49, 16, 5, 11
2023/4/11, 219, 271, 37, 15, 17, 8
2023/4/12, 174, 374, 40, 16, 16, 8
2023/4/13, 209, 367, 43, 18, 14, 7
2023/4/14, 205, 327, 51, 20, 16, 9
2023/4/15, 202, 283, 30, 20, 8, 12
2023/4/16, 157, 270, 42, 16, 15, 8
2023/4/17, 149, 331, 27, 18, 8, 9
2023/4/18, 175, 269, 48, 12, 7, 6
2023/4/19, 152, 165, 31, 11, 6, 6
2023/4/20, 149, 142, 43, 13, 5, 7
2023/4/21, 114, 125, 58, 12, 6, 6
2023/4/22, 109, 97, 38, 11, 6, 6
2023/4/23, 78, 178, 69, 17, 14, 8
2023/4/24, 169, 132, 78, 16, 7, 8
2023/4/25, 130, 292, 87, 23, 7, 12
2023/4/26, 183, 214, 67, 20, 7, 8
2023/4/27, 154, 187, 49, 19, 8, 10
2023/4/28, 154, 237, 33, 18, 8, 10
2023/4/29, 175, 131, 42, 15, 8, 8
2023/4/30, 157, 58, 12, 13, 4, 8
2023/5/1, 125, 69, 27, 11, 2, 8
2023/5/2, 127, 83, 29, 12, 4, 9
2023/5/3, 127, 92, 54, 13, 5, 10
2023/5/4, 146, 218, 49, 15, 4, 10
2023/5/5, 183, 295, 31, 15, 7, 9
2023/5/6, 215, 182, 50, 14, 7, 8
2023/5/7, 162, 110, 39, 15, 4, 8
2023/5/8, 134, 260, 57, 13, 11, 9
2023/5/9, 213, 238, 52, 14, 13, 9
2023/5/10, 188, 447, 67, 17, 10, 12
2023/5/11, 239, 370, 64, 19, 4, 15
2023/5/12, 188, 276, 77, 22, 7, 12
2023/5/13, 179, 328, 56, 18, 6, 11
2023/5/14, 184, 157, 43, 11, 7, 6
2023/5/15, 107, 538, 36, 10, 5, 6
2023/5/16, 179, 421, 35, 14, 12, 8
2023/5/17, 191, 110, 51, 11, 8, 6
2023/5/18, 101, 170, 47, 13, 15, 7
2023/5/19, 161, 240, 48, 17, 15, 9
2023/5/20, 158, 313, 65, 23, 7, 11
2023/5/21, 163, 260, 33, 19, 8, 7
2023/5/22, 146, 317, 30, 14, 8, 6
2023/5/23, 126, 136, 26, 14, 4, 6
2023/5/24, 85, 127, 40, 14, 4, 6
2023/5/25, 63, 127, 34, 16, 6, 7
2023/5/26, 63, 94, 35, 19, 4, 7
2023/5/27, 75, 139, 54, 21, 4, 9
2023/5/28, 139, 100, 34, 17, 4, 7
2023/5/29, 104, 96, 45, 13, 5, 7
2023/5/30, 116, 66, 26, 14, 3, 7
2023/5/31, 114, 112, 28, 16, 4, 8
2023/6/1, 142, 101, 36, 12, 7, 6
2023/6/2, 127, 181, 37, 19, 7, 8
2023/6/3, 162, 158, 44, 20, 5, 8
2023/6/4, 171, 157, 47, 17, 3, 7
2023/6/5, 154, 227, 65, 20, 4, 7
2023/6/6, 133, 346, 36, 18, 7, 7
2023/6/7, 168, 138, 50, 15, 17, 7
2023/6/8, 136, 157, 35, 16, 9, 6
2023/6/9, 117, 163, 31, 17, 4, 6
2023/6/10, 103, 120, 35, 14, 3, 6
2023/6/11, 101, 177, 30, 15, 6, 7
2023/6/12, 131, 280, 18, 15, 6, 7
2023/6/13, 136, 206, 15, 14, 5, 6
2023/6/14, 109, 148, 23, 13, 5, 6
2023/6/15, 100, 119, 13, 16, 5, 7
2023/6/16, 103, 136, 13, 14, 2, 7
2023/6/17, 121, 73, 24, 13, 2, 7
2023/6/18, 87, 67, 8, 14, 2, 6
2023/6/19, 66, 103, 19, 14, 2, 8
2023/6/20, 116, 84, 16, 15, 2, 7
2023/6/21, 95, 108, 3, 19, 2, 9
2023/6/22, 121, 126, 17, 18, 1, 9
2023/6/23, 127, 151, 20, 19, 2, 10
2023/6/24, 136, 42, 12, 12, 2, 7
2023/6/25, 71, 75, 16, 17, 7, 11
2023/6/26, 150, 71, 23, 15, 6, 9
2023/6/27, 121, 83, 21, 14, 3, 9
2023/6/28, 111, 76, 19, 12, 1, 10
2023/6/29, 111, 66, 31, 11, 2, 8
2023/6/30, 76, 69, 14, 9, 3, 7
2023/1/2, 333, 358, 16, 14, 2, 7
2023/1/3, 317, 242, 17, 11, 26, 7
2023/1/4, 238, 270, 9, 15, 4, 11
2023/1/5, 274, 362, 11, 17, 4, 8
2023/1/6, 289, 315, 14, 18, 7, 9
2023/1/7, 272, 334, 12, 18, 4, 12
2023/1/8, 326, 386, 9, 19, 2, 15
2023/1/9, 388, 224, 19, 15, 4, 10
2023/1/10, 265, 290, 27, 24, 3, 10
2023/1/11, 256, 287, 27, 26, 5, 12
2023/1/12, 280, 266, 24, 22, 4, 13
2023/1/13, 297, 191, 25, 10, 3, 6
2023/1/14, 219, 194, 32, 16, 4, 6
2023/1/15, 173, 342, 33, 21, 3, 8
2023/1/16, 217, 384, 33, 21, 7, 10
2023/1/17, 253, 431, 4, 27, 4, 11
2023/1/18, 308, , , , , 
2023/1/20, 195, 327, 21, 30, 17, 10
2023/1/21, 314, 244, 27, 23, 2, 10
2023/1/22, 310, 231, 6, 26, 6, 7
2023/1/23, 239, 128, 6, 25, 4, 6
2023/1/24, 174, 114, 4, 15, 2, 6
2023/1/25, 180, 114, 13, 12, 5, 5
2023/1/26, 199, 123, 31, 14, 6, 4
2023/1/27, 182, 165, 34, 20, 7, 6
2023/1/28, 198, 248, 6, 26, 7, 13
2023/1/29, 271, 100, 14, 22, 6, 7
2023/1/30, 171, 90, 20, 13, 5, 4
2023/1/31, 171, 128, 27, 14, 6, 5
2023/2/1, 173, 148, 31, 18, 7, 5
2023/2/2, 180, 143, 36, 18, 11, 4
2023/2/3, 179, 247, 39, 20, 23, 6
2023/2/4, 197, 206, 44, 19, 15, 6
2023/2/5, 190, 320, 39, 22, 6, 16
2023/2/6, 236, 207, 25, 17, 5, 7
2023/2/7, 198, 174, 33, 17, 7, 4
2023/2/8, 182, 158, 32, 24, 10, 6
2023/2/9, 179, 165, 39, 21, 6, 6
2023/2/10, 159, 187, 37, 18, 6, 7
2023/2/11, 208, 118, 37, 11, 7, 3
2023/2/12, 136, , 40, 10, 7, 3
2023/2/13, 123, 149, 45, 14, 8, 4
2023/2/14, 150, 164, 41, 18, 8, 6
2023/2/15, 178, 206, 46, 20, 7, 8
2023/2/16, 224, 298, 64, 25, 4, 10
2023/2/17, 297, 249, 46, 18, 3, 8
2023/2/18, 259, 285, 59, 22, 2, 12
2023/2/19, 255, 223, 40, 22, 4, 13
2023/2/20, 205, 163, 37, 17, 3, 7
2023/2/21, 193, 180, 26, 14, 4, 8
2023/2/22, 197, 183, 29, 14, 2, 6
2023/2/23, 172, 164, 41, 16, 4, 6
2023/2/24, 171, 230, 46, 17, 4, 7
2023/2/25, 200, 308, 49, 19, 5, 12
2023/2/26, 228, 205, 44, 18, 9, 7
2023/2/27, 188, 202, 35, 16, 8, 6
2023/2/28, 190, 190, 31, 14, 6, 6
2023/3/1, 154, 148, 30, 11, 9, 5
2023/3/2, 158, 125, 26, 10, 8, 5
2023/3/3, 143, 123, 20, 9, 10, 5
2023/3/4, 151, 116, 30, 7, 9, 5
2023/3/5, 137, 167, 36, 9, 9, 6
2023/3/6, 157, 155, 41, 10, 7, 7
2023/3/7, 161, 118, 40, 8, 8, 7
2023/3/8, 178, 96, 37, 8, 10, 5
2023/3/9, 139, 175, 38, 9, 10, 10
2023/3/10, 198, 193, 46, 17, 12, 12
2023/3/11, 183, 193, 53, 13, 8, 11
2023/3/12, 173, 303, 43, 11, 12, 13
2023/3/13, 247, 199, 36, 38, 15, 11
2023/3/14, 213, 311, 54, 47, 12, 13
2023/3/15, 203, 195, 49, 18, 9, 12
2023/3/16, 181, 177, 38, 19, 14, 13
2023/3/17, 183, 92, 22, 17, 13, 11
2023/3/18, 160, 99, 30, 14, 7, 9
2023/3/19, 163, 110, 25, 13, 3, 9
2023/3/20, 139, 52, 27, 8, 10, 8
2023/3/21, 106, 110, 41, 4, 5, 9
2023/3/22, 164, 165, 29, 3, 7, 10
2023/3/23, 168, 168, 19, 5, 3, 10
2023/3/24, 168, 67, 30, 3, 3, 8
2023/3/25, 101, 121, 33, 3, 4, 8
2023/3/26, 145, 116, 34, 3, 8, 8
2023/3/27, 149, 194, 34, 4, 6, 9
2023/3/28, 173, 190, 51, 5, 3, 10
2023/3/29, 165, 143, 49, 4, 4, 9
2023/3/30, 148, 42, 34, 4, 9, 8
2023/3/31, 84, 73, 43, 3, 5, 10
2022/10/1, 174, 132, 18, 10, 8, 11
2022/10/2, 155, 100, 30, 5, 8, 9
2022/10/3, 116, 112, 32, 8, 8, 10
2022/10/4, 157, 111, 17, 11, 12, 12
2022/10/5, 163, 53, 6, 6, 8, 9
2022/10/6, 52, 45, 6, 6, 9, 9
2022/10/7, 61, 22, 4, 7, 8, 7
2022/10/8, 54, 7, 9, 3, 8, 3
2022/10/9, 31, 26, 6, 7, 8, 4
2022/10/10, 56, 70, 45, 9, 8, 6
2022/10/11, 95, 97, 29, 7, 8, 5
2022/10/12, 142, 99, 39, 8, 17, 5
2022/10/13, 135, 117, 46, 9, 8, 5
2022/10/14, 152, 183, 42, 14, 12, 5
2022/10/15, 180, 180, 48, 16, 17, 11
2022/10/16, 176, 265, 59, 19, 9, 8
2022/10/17, 190, 255, 41, 27, 14, 12
2022/10/18, 193, 360, 47, 34, 4, 18
2022/10/19, 195, 252, 53, 37, 3, 9
2022/10/20, 180, 317, 53, 35, 4, 9
2022/10/21, 203, 226, 45, 24, 3, 7
2022/10/22, 213, 144, 69, 20, 15, 6
2022/10/23, 202, 151, 49, 17, 5, 6
2022/10/24, 222, 120, 43, 13, 15, 5
2022/10/25, 195, 135, 47, 21, 6, 6
2022/10/26, 195, 243, 40, 31, 4, 11
2022/10/27, 252, 351, 50, 38, 7, 14
2022/10/28, 299, 392, 36, 32, 7, 13
2022/10/29, 321, 364, 34, 29, 3, 14
2022/10/30, 311, 438, 27, 36, 9, 17
2022/10/31, 355, 362, 36, 43, 4, 18
2022/11/1, 319, 297, 28, 32, 3, 11
2022/11/2, 322, 489, 27, 32, 7, 15
2022/11/3, 482, 464, 47, 47, 7, 17
2022/11/4, 450, 185, 21, 34, 4, 12
2022/11/5, 264, 166, 23, 34, 3, 12
2022/11/6, 231, 231, 16, 30, 4, 12
2022/11/7, 273, 237, 11, 25, 5, 10
2022/11/8, 327, 162, 24, 27, 7, 9
2022/11/9, 182, 215, 15, 29, 15, 12
2022/11/10, 222, 267, 17, 21, 6, 11
2022/11/11, 328, 212, 18, 22, 13, 7
2022/11/12, 289, 189, 19, 24, 7, 9
2022/11/13, 237, 227, 19, 32, 5, 13
2022/11/14, 242, 139, 14, 25, 24, 5
2022/11/15, 185, 146, 10, 22, 4, 7
2022/11/16, 197, 160, 8, 21, 1, 8
2022/11/17, 235, 180, 8, 26, 1, 5
2022/11/18, 241, 221, 5, 30, , 1
2022/11/19, 244, 187, 5, 28, , 
2022/11/20, 253, 186, 5, 24, , 11
2022/11/21, 227, 179, 5, 23, , 11
2022/11/22, 197, 180, 6, 23, 3, 4
2022/11/23, 199, 197, 11, 27, 5, 6
2022/11/24, 192, 255, 20, 32, 12, 7
2022/11/25, 232, 261, 25, 31, 7, 2
2022/11/26, 268, 220, 24, 28, 5, 3
2022/11/27, 262, 244, 23, 32, 7, 2
2022/11/28, 277, 309, 21, 41, 5, 1
2022/11/29, 308, 303, 19, 34, 4, 2
2022/11/30, 295, 318, 21, 37, 36, 2
2022/12/1, 293, 297, 16, 38, 5, 2
2022/12/2, 290, 401, 38, 45, 13, 10
2022/12/3, 367, 254, 25, 34, 2, 9
2022/12/4, 333, 222, 24, 28, 4, 10
2022/12/5, 264, 217, 27, 24, 3, 8
2022/12/6, 296, 165, 25, 20, 4, 7
2022/12/7, 213, 169, 25, 25, 5, 10
2022/12/8, 214, 247, 23, 29, 2, 11
2022/12/9, 253, 296, 17, 34, 3, 12
2022/12/10, 309, 131, 12, 20, 3, 9
2022/12/11, 163, 171, 14, 20, 3, 5
2022/12/12, 172, 107, 28, 12, 3, 2
2022/12/13, 163, 190, 26, 19, 5, 5
2022/12/14, 161, 164, 31, 22, 5, 5
2022/12/15, 183, 210, 31, 26, 5, 9
2022/12/16, 209, 238, 32, 25, 6, 9
2022/12/17, 248, 271, 35, 28, 2, 10
2022/12/18, 317, 228, 25, 28, 1, 11
2022/12/19, 349, 192, 22, 24, 4, 8
2022/12/20, 292, 186, 21, 19, 2, 7
2022/12/21, 294, 145, 13, 16, 3, 8
2022/12/22, 245, 162, 17, 21, 3, 8
2022/12/23, 268, 195, 19, 15, 3, 7
2022/12/24, 253, 187, 18, 11, 3, 6
2022/12/25, 242, 236, 7, 16, 4, 11
2022/12/26, 253, 214, 17, 20, 3, 10
2022/12/27, 249, 262, 28, 20, 4, 7
2022/12/28, 243, 339, 30, 31, 5, 11
2022/12/29, 265, 455, 30, 34, 4, 12
2022/12/30, 355, 209, 19, 13, 3, 6
2022/12/31, 244, 166, 26, 17, 2, 7
2023/1/1, 210, 355, 19, 18, 3, 10
2022/7/1, 107, 73, 23, 15, 3, 11
2022/7/2, 106, 65, 25, 15, 5, 11
2022/7/3, 81, 93, 22, 18, 5, 13
2022/7/4, 147, 93, 35, 17, 4, 13
2022/7/5, 142, 82, 23, 9, 5, 10
2022/7/6, 127, 77, 37, 10, 5, 9
2022/7/7, 88, 73, 37, 13, 6, 10
2022/7/8, 90, 87, 21, 14, 6, 11
2022/7/9, 109, 55, 46, , 5, 8
2022/7/10, 78, 65, 39, 16, 5, 11
2022/7/11, 119, 66, 30, 18, 4, 11
2022/7/12, 111, 77, 33, 17, 3, 9
2022/7/13, 97, 76, 26, 17, 5, 8
2022/7/14, 80, 76, 35, 13, 6, 8
2022/7/15, 69, 51, 23, 13, 6, 9
2022/7/16, 78, 48, 84, 8, 7, 9
2022/7/17, 88, 77, 53, 9, 5, 8
2022/7/18, 117, 87, 38, 19, 6, 14
2022/7/19, 119, 58, 8, 11, 5, 8
2022/7/20, 90, 74, 27, 11, 6, 11
2022/7/21, 96, 100, 24, 19, 5, 14
2022/7/22, 149, 67, 26, 12, 5, 9
2022/7/23, 103, 57, 23, 8, 5, 10
2022/7/24, 79, 54, 32, 7, 4, 10
2022/7/25, 81, 62, 28, 8, 6, 9
2022/7/26, 80, 68, 31, 9, 5, 9
2022/7/27, 86, 48, 20, 7, 6, 8
2022/7/28, 56, 49, 51, 6, 5, 9
2022/7/29, 58, 60, 14, 6, 6, 9
2022/7/30, 59, 52, 22, 6, 6, 9
2022/7/31, 63, 88, 41, 7, 6, 9
2022/8/1, 65, 108, 39, 8, 7, 9
2022/8/2, 93, 132, 25, 9, 6, 10
2022/8/3, 121, 88, 51, 7, 7, 11
2022/8/4, 136, 61, 49, 5, 7, 9
2022/8/5, 90, 115, , 7, 6, 12
2022/8/6, 140, 95, 29, 14, 7, 13
2022/8/7, 125, 91, 26, 13, 7, 12
2022/8/8, 131, 108, 19, 10, 6, 11
2022/8/9, 117, 91, 85, 9, 6, 10
2022/8/10, 92, 69, 46, 5, 6, 9
2022/8/11, 48, 64, 9, 8, 7, 9
2022/8/12, 66, 63, 15, 7, 8, 9
2022/8/13, 71, 66, , 8, 6, 10
2022/8/14, 82, 38, , 3, 5, 9
2022/8/15, 46, 44, 6, 4, 8, 8
2022/8/16, 45, 44, 9, 5, 7, 9
2022/8/17, 42, 76, 9, 7, 7, 9
2022/8/18, 65, 63, 14, 3, 6, 9
2022/8/19, 62, 78, 8, 6, 7, 9
2022/8/20, 93, 87, 7, 5, , 9
2022/8/21, 126, 81, 18, 6, 7, 10
2022/8/22, 113, 72, 15, 6, 5, 8
2022/8/23, 73, 63, 11, 10, 3, 10
2022/8/24, 74, 86, 28, 10, 5, 10
2022/8/25, 97, 90, 15, 5, 5, 10
2022/8/26, 98, 88, 16, 5, 6, 9
2022/8/27, 93, 111, 17, 6, 6, 9
2022/8/28, 103, 114, 18, 8, 7, 10
2022/8/29, 119, 98, 16, 11, 7, 10
2022/8/30, 124, 108, 10, 5, 7, 10
2022/8/31, 106, 102, 23, 6, 7, 10
2022/9/1, 103, 107, 12, 9, 8, 9
2022/9/2, 103, 118, 16, 7, 15, 9
2022/9/3, 97, 98, 16, 7, 10, 9
2022/9/4, 85, 92, 6, 6, 7, 9
2022/9/5, 82, 113, 2, 8, 8, 9
2022/9/6, 107, 113, 16, 7, 12, 9
2022/9/7, 125, 125, 21, 10, 10, 8
2022/9/8, 151, 101, 27, 10, 7, 10
2022/9/9, 149, 86, 18, 10, 8, 10
2022/9/10, 137, 70, 28, 8, 6, 11
2022/9/11, 95, 75, 19, 8, 18, 10
2022/9/12, 79, 65, 11, 8, 12, 9
2022/9/13, 67, 62, 12, 5, 7, 8
2022/9/14, 56, 44, 5, 4, 9, 9
2022/9/15, 45, 22, 2, 5, 9, 9
2022/9/16, 44, 78, 6, 7, 10, 10
2022/9/17, 101, 105, 13, 9, 8, 9
2022/9/18, 123, 184, 2, 9, 7, 13
2022/9/19, 162, 121, 9, 10, 8, 11
2022/9/20, 135, 71, 7, 11, 8, 12
2022/9/21, 114, 39, 2, 6, 8, 10
2022/9/22, 71, 26, 2, 8, 8, 11
2022/9/23, 75, 29, 4, 8, 11, 10
2022/9/24, 81, 29, 9, 5, 3, 9
2022/9/25, 55, 84, 9, 5, 6, 12
2022/9/26, 131, 100, 14, 8, 7, 10
2022/9/27, 125, 112, 20, 9, 7, 10
2022/9/28, 130, 143, 23, 9, 9, 11
2022/9/29, 163, 143, 23, 12, 9, 12
2022/9/30, 170, 194, 33, 13, 8, 12
2022/4/1, 186, 282, 64, 41, 15, 15
2022/4/2, 187, 305, 52, 31, 8, 11
2022/4/3, 183, 294, 60, 24, 16, 11
2022/4/4, 203, 273, 51, 27, 23, 11
2022/4/5, 213, 382, 38, 27, 23, 14
2022/4/6, 236, 413, 54, 25, 22, 13
2022/4/7, 246, 345, 63, 22, 26, 12
2022/4/8, 211, 371, 61, 22, 25, 14
2022/4/9, 238, 303, 62, 16, 16, 9
2022/4/10, 176, 333, 65, 20, 24, 12
2022/4/11, 223, 323, 41, 23, 16, 13
2022/4/12, 198, 422, 34, 21, 11, 10
2022/4/13, 185, 365, 65, 9, 11, 6
2022/4/14, 164, 178, 73, 16, 10, 9
2022/4/15, 156, 403, 86, 19, 8, 12
2022/4/16, 197, 331, 92, 21, 10, 11
2022/4/17, 194, 442, 71, 24, 14, 15
2022/4/18, 231, 460, 27, 12, 8, 8
2022/4/19, 175, 346, 29, 10, 14, 7
2022/4/20, 186, 423, 16, 11, , 8
2022/4/21, 214, 207, 55, 13, 9, 6
2022/4/22, 146, 349, 68, 17, 16, 7
2022/4/23, 232, 396, 70, 14, 19, 9
2022/4/24, 256, 364, 63, 10, 16, 8
2022/4/25, 232, 250, 61, 15, 11, 7
2022/4/26, 174, 463, 73, 20, 22, 11
2022/4/27, 297, 396, 80, 19, 13, 10
2022/4/28, 275, 482, 52, 19, 20, 10
2022/4/29, 301, 401, 52, 22, 20, 12
2022/4/30, 247, 323, 64, 19, 8, 12
2022/5/1, 192, 170, 67, 15, 7, 10
2022/5/2, 158, 280, 73, 14, 9, 12
2022/5/3, 170, 187, 63, 18, 7, 11
2022/5/4, 152, 164, 84, 23, 9, 10
2022/5/5, 153, 305, 63, 27, 9, 12
2022/5/6, 196, 269, 88, 31, 12, 15
2022/5/7, 177, 160, 85, 19, 7, 12
2022/5/8, 164, 115, 71, 16, 8, 10
2022/5/9, 154, 115, 75, 17, 7, 10
2022/5/10, 150, 114, 85, 15, 8, 10
2022/5/11, 145, 129, 83, 19, 7, 12
2022/5/12, 149, 153, 74, 11, 9, 8
2022/5/13, 145, 466, 72, 27, 16, 
2022/5/14, 237, 382, 35, 30, 15, 12
2022/5/15, 195, 412, 35, 16, 8, 7
2022/5/16, 168, 175, 58, 16, 7, 10
2022/5/17, 138, 216, 71, 21, 10, 11
2022/5/18, 157, 228, 57, 23, 12, 10
2022/5/19, 166, 310, 46, 19, 10, 8
2022/5/20, 169, 228, 39, 14, 8, 7
2022/5/21, 158, 131, 92, 18, 10, 9
2022/5/22, 163, 93, 35, 12, 7, 7
2022/5/23, 93, 65, 74, 15, 6, 10
2022/5/24, 105, 107, 84, 17, 6, 11
2022/5/25, 164, 164, 89, 21, 11, 11
2022/5/26, 183, 175, 45, 23, 7, 10
2022/5/27, 164, 298, 31, 15, 8, 10
2022/5/28, 158, 163, 44, 14, 9, 8
2022/5/29, 160, 131, 37, 26, 6, 7
2022/5/30, 145, 283, 74, 27, 6, 13
2022/5/31, 172, 272, 50, 23, 9, 11
2022/6/1, 186, 210, 37, 20, 16, 11
2022/6/2, 169, 285, 49, 24, 14, 11
2022/6/3, 176, 353, 52, 27, 13, 12
2022/6/4, 180, 256, 32, 19, 9, 10
2022/6/5, 154, 208, 49, 27, 9, 12
2022/6/6, 137, 432, 32, 25, 8, 11
2022/6/7, 181, 374, 28, 16, 12, 7
2022/6/8, 171, 238, 29, 18, 10, 8
2022/6/9, 160, 411, 22, 18, 12, 10
2022/6/10, 174, 306, 24, 16, 9, 8
2022/6/11, 163, 275, 30, 15, 13, 10
2022/6/12, 175, 200, 28, 13, 6, 8
2022/6/13, 129, 183, 22, 10, 7, 8
2022/6/14, 130, 119, 23, 13, 6, 6
2022/6/15, 97, 110, 40, 11, 6, 8
2022/6/16, 85, 66, 24, 13, 6, 8
2022/6/17, 70, 48, 34, 11, 5, 9
2022/6/18, 77, 88, 26, 11, 5, 8
2022/6/19, 94, 126, 38, 16, 5, 10
2022/6/20, 155, 115, 42, 19, 5, 10
2022/6/21, 114, 113, 56, 14, 5, 9
2022/6/22, 124, 160, 42, 11, 6, 8
2022/6/23, 159, 188, 47, 17, 8, 9
2022/6/24, 177, 250, 77, 25, 11, 13
2022/6/25, 181, 167, 54, 15, 5, 10
2022/6/26, 148, 88, 55, 10, 5, 11
2022/6/27, 136, 105, 46, 13, 6, 12
2022/6/28, 150, 125, 52, 11, 6, 10
2022/6/29, 135, 48, 10, 14, 5, 11
2022/6/30, 91, 54, 20, 16, 5, 12
2022/1/3, 319, 287, 19, 28, 7, 18
2022/1/4, 301, 323, 16, 32, 8, 22
2022/1/5, 371, 104, 28, 21, 5, 14
2022/1/6, 201, 81, 33, 16, 5, 11
2022/1/7, 165, 49, 41, 12, 5, 8
2022/1/8, 138, 38, 40, 5, 7, 7
2022/1/9, 107, 85, 51, 13, 7, 11
2022/1/10, 181, 83, 57, 12, 7, 12
2022/1/11, 180, 118, 62, 17, 7, 13
2022/1/12, 200, 147, 65, 18, 8, 15
2022/1/13, 246, 158, 43, 18, 8, 14
2022/1/14, 252, 110, 41, 9, 5, 10
2022/1/15, 205, 93, 14, 7, 6, 9
2022/1/16, 183, 151, 24, 16, 6, 13
2022/1/17, 243, , , , , 
2022/1/20, 383, 225, 15, 24, 7, 19
2022/1/21, 294, 106, 9, 19, 3, 12
2022/1/22, 211, 82, 14, 13, 6, 10
2022/1/23, 178, 103, 10, 17, 5, 12
2022/1/24, 179, 119, 11, 14, 2, 12
2022/1/25, 188, 114, 19, 14, 3, 12
2022/1/26, 192, 133, 27, 21, 5, 12
2022/1/27, 190, 189, 38, 22, 6, 12
2022/1/28, 196, 148, 37, 23, 3, 11
2022/1/29, 198, 152, 39, 23, 5, 12
2022/1/30, 220, 306, 29, 33, 5, 19
2022/1/31, 335, 164, 25, 19, 2, 15
2022/2/1, 284, 149, 37, 19, 3, 12
2022/2/2, 228, 122, 16, 16, 4, 12
2022/2/3, 216, 61, 22, 12, 4, 10
2022/2/4, 126, 154, 19, 18, 6, 17
2022/2/5, 220, 322, 31, 26, 2, 21
2022/2/6, 281, 186, 34, 25, 6, 13
2022/2/7, 198, 280, 39, 25, 4, 16
2022/2/8, 236, 129, 26, 16, 4, 18
2022/2/9, 171, 111, 31, 15, 6, 18
2022/2/10, 165, 136, 40, 20, 7, 17
2022/2/11, 173, 183, 37, 23, 7, 12
2022/2/12, 177, 237, 42, 29, 4, 17
2022/2/13, 206, 246, 32, 29, 6, 25
2022/2/14, 204, 197, 33, 28, 6, 17
2022/2/15, 179, 275, 36, 27, 7, 19
2022/2/16, 239, 145, 37, 25, 2, 21
2022/2/17, 190, 197, 25, 23, 7, 12
2022/2/18, 206, 158, 36, 23, 5, 8
2022/2/19, 175, 131, 36, 19, 2, 8
2022/2/20, 172, 243, 33, 28, 4, 12
2022/2/21, 179, 256, 35, 30, 7, 9
2022/2/22, 181, 143, 35, 25, 5, 10
2022/2/23, 194, 224, 36, 27, 6, 12
2022/2/24, 255, 183, 39, 29, 5, 9
2022/2/25, 204, 56, 28, 18, 4, 5
2022/2/26, 76, 70, 31, 19, 5, 7
2022/2/27, 125, 86, 35, 19, 8, 8
2022/2/28, 130, 126, 48, 25, 6, 10
2022/3/1, 181, 190, 47, 27, 6, 11
2022/3/2, 211, 137, 51, 25, 3, 9
2022/3/3, 171, 109, 32, 14, 6, 7
2022/3/4, 160, 102, 37, 17, 6, 8
2022/3/5, 151, 140, 46, 24, 7, 11
2022/3/6, 179, 279, 62, 34, 7, 14
2022/3/7, 209, 302, 32, 28, 8, 11
2022/3/8, 240, 191, 6, 24, 12, 9
2022/3/9, 163, 135, 19, 19, 11, 9
2022/3/10, 156, 164, 30, 20, 7, 9
2022/3/11, 179, 179, 35, 23, 10, 9
2022/3/12, 186, 173, 39, 24, 13, 10
2022/3/13, 187, 218, 52, 27, 15, 11
2022/3/14, 203, 235, 48, 23, 11, 12
2022/3/15, 209, 197, 43, 19, 6, 11
2022/3/16, 183, 181, 73, 24, 10, 12
2022/3/17, 193, 140, 56, 18, 6, 12
2022/3/18, 199, 142, 68, 24, 6, 13
2022/3/19, 176, 186, 51, 26, 7, 11
2022/3/20, 166, 276, 49, 21, 13, 13
2022/3/21, 249, 208, 42, 14, 9, 9
2022/3/22, 184, 289, 48, 24, 15, 14
2022/3/23, 212, 373, 37, 25, 4, 14
2022/3/24, 192, 189, 41, 18, 7, 10
2022/3/25, 187, 250, 40, 18, 12, 10
2022/3/26, 184, 238, 30, 25, 21, 14
2022/3/27, 225, 373, 45, 33, 10, 14
2022/3/28, 196, 379, 37, 26, 15, 15
2022/3/29, 229, 423, 49, 30, 17, 15
2022/3/30, 228, 446, 62, 29, 10, 19
2022/3/31, 235, 263, 46, 18, 15, 9
2021/10/1, 138, 102, 13, 11, 10, 6
2021/10/2, 137, 89, 10, 11, 10, 5
2021/10/3, 103, 101, 9, 12, 11, 5
2021/10/4, 82, 93, 20, 12, 11, 5
2021/10/5, 103, 85, 11, 8, 11, 5
2021/10/6, 124, 117, 19, 12, 11, 6
2021/10/7, 157, 153, 19, 15, 11, 7
2021/10/8, 160, 169, 23, 18, 12, 8
2021/10/9, 151, 184, 19, 17, 12, 10
2021/10/10, 150, 195, 18, 19, 12, 9
2021/10/11, 152, 247, 21, 18, 12, 8
2021/10/12, 156, 288, 30, 15, 13, 8
2021/10/13, 169, 258, 30, 22, 15, 8
2021/10/14, 170, 187, 32, 29, 15, 10
2021/10/15, 183, 276, 40, 29, 15, 11
2021/10/16, 223, 44, 8, 13, 12, 5
2021/10/17, 71, 26, 9, 14, 12, 4
2021/10/18, 47, 84, 20, 16, 13, 6
2021/10/19, 131, 191, 32, 27, 14, 10
2021/10/20, 186, 238, 25, 26, 14, 6
2021/10/21, 161, 202, 18, 25, 12, 9
2021/10/22, 138, 134, 25, 26, 6, 7
2021/10/23, 134, 92, 32, 19, 3, 5
2021/10/24, 140, 58, 31, 14, 3, 3
2021/10/25, 112, 116, 34, 18, 3, 4
2021/10/26, 164, 193, 36, 25, 5, 7
2021/10/27, 192, 225, 35, 26, 5, 8
2021/10/28, 221, 190, 42, 28, 7, 7
2021/10/29, 221, 208, 38, 27, 7, 7
2021/10/30, 213, 251, 41, 24, 9, 10
2021/10/31, 211, 265, 47, 41, 10, 15
2021/11/1, 216, 189, 47, 39, 8, 14
2021/11/2, 200, 248, 54, 39, 9, 17
2021/11/3, 230, 442, 32, 17, 8, 18
2021/11/4, 459, 447, 24, 21, 10, 19
2021/11/5, 493, 322, 39, 23, 10, 16
2021/11/6, 401, 301, 39, 27, 9, 15
2021/11/7, 330, 297, 50, 32, 11, 16
2021/11/8, 325, 316, 53, 29, 11, 15
2021/11/9, 334, 330, 62, 35, 12, 18
2021/11/10, 299, 497, 19, 42, 14, 24
2021/11/11, 411, 538, 37, 36, 12, 23
2021/11/12, 463, 418, 40, 34, 12, 19
2021/11/13, 369, 213, 63, 27, 11, 11
2021/11/14, 254, 415, 48, 38, 17, 19
2021/11/15, 325, 328, 55, 28, 11, 16
2021/11/16, 334, 296, 53, 31, 13, 17
2021/11/17, 297, 323, 66, 37, 16, 20
2021/11/18, 333, 308, 57, 34, 16, 17
2021/11/19, 323, 263, 55, 30, 15, 16
2021/11/20, 302, 200, 54, 25, 13, 13
2021/11/21, 291, 192, 53, 18, 11, 10
2021/11/22, 209, 290, 57, 28, 13, 19
2021/11/23, 242, 360, 66, 47, 15, 23
2021/11/24, 325, 354, 68, 46, 13, 22
2021/11/25, 337, 385, 68, 38, 14, 24
2021/11/26, 365, 353, 54, 41, 13, 27
2021/11/27, 346, 338, 58, 34, 11, 20
2021/11/28, 378, 257, 49, 25, 12, 17
2021/11/29, 302, 215, 47, 26, 11, 15
2021/11/30, 264, 270, 29, 28, 11, 16
2021/12/1, 328, 274, 19, 23, 10, 16
2021/12/2, 377, 179, 30, 22, 10, 16
2021/12/3, 276, 219, 35, 27, 11, 17
2021/12/4, 266, 206, 52, 35, 14, 25
2021/12/5, 280, 123, 31, 19, 9, 11
2021/12/6, 204, 140, 33, 20, 7, 12
2021/12/7, 201, 185, 36, 24, 8, 13
2021/12/8, 221, 192, 37, 26, 8, 13
2021/12/9, 241, 182, 38, 25, 9, 12
2021/12/10, 236, 148, 43, 24, 8, 10
2021/12/11, 204, 213, 45, 28, 9, 6
2021/12/12, 237, 525, 24, 31, 15, 24
2021/12/13, 461, 311, 34, 36, 13, 21
2021/12/14, 360, 231, 39, 25, 9, 15
2021/12/15, 313, 215, 32, 22, 8, 14
2021/12/16, 328, 149, 42, 14, 7, 10
2021/12/17, 252, 162, 40, 17, 5, 11
2021/12/18, 216, 157, 44, 20, 7, 11
2021/12/19, 230, 251, 56, 26, 10, 18
2021/12/20, 284, 365, 30, 35, 13, 20
2021/12/21, 395, 503, 11, 35, 11, 28
2021/12/22, 435, 594, 16, 53, 14, 37
2021/12/23, 488, 351, 31, 46, 8, 24
2021/12/24, 378, 557, 41, 44, 10, 35
2021/12/25, 506, 450, 18, 34, 9, 25
2021/12/26, 496, 103, 24, 21, 5, 12
2021/12/27, 194, 149, 7, 30, 5, 15
2021/12/28, 243, 137, 19, 20, 6, 14
2021/12/29, 235, 228, 26, 23, 8, 15
2021/12/30, 292, 257, 28, 25, 6, 15
2021/12/31, 274, 313, 28, 27, 6, 21
2022/1/1, 330, 315, 33, 25, 6, 18
2022/1/2, 358, 301, 32, 29, 6, 18
2021/7/1, 122, 233, 4, 9, 4, 5
2021/7/2, 125, 85, 4, 8, 4, 5
2021/7/3, 81, 120, 2, 10, 7, 7
2021/7/4, 128, 133, 1, 11, 7, 5
2021/7/5, 125, 136, , 11, 7, 5
2021/7/6, 121, 181, 3, 12, 6, 5
2021/7/7, 129, 175, 3, 10, 7, 4
2021/7/8, 124, 87, 12, 11, 7, 6
2021/7/9, 108, 70, 14, 9, 8, 6
2021/7/10, 92, 74, 12, 8, 8, 6
2021/7/11, 107, 65, 11, 7, 9, 5
2021/7/12, 91, 49, 11, 9, 8, 7
2021/7/13, 72, 49, 12, 7, 7, 7
2021/7/14, 97, 64, 15, 7, 6, 6
2021/7/15, 104, 84, 27, 11, 8, 6
2021/7/16, 120, 95, 6, 11, 8, 5
2021/7/17, 128, 69, 7, 10, 8, 5
2021/7/18, 92, 19, 7, 6, 11, 5
2021/7/19, 46, 55, 11, 8, 11, 7
2021/7/20, 102, 68, 8, 8, 9, 9
2021/7/21, 99, 59, 6, 10, 8, 5
2021/7/22, 79, 69, 8, 8, 9, 7
2021/7/23, 90, 100, 17, 21, 9, 8
2021/7/24, 122, 86, 34, 14, 7, 7
2021/7/25, 101, 84, 7, 11, 7, 7
2021/7/26, 127, 58, 10, 5, 8, 6
2021/7/27, 103, 32, 19, 14, 9, 4
2021/7/28, 52, 52, 14, 20, 8, 4
2021/7/29, 72, 56, 19, 24, 8, 4
2021/7/30, 105, 60, 19, 34, 8, 4
2021/7/31, 76, 46, 8, 19, 9, 4
2021/8/1, 69, 64, 8, 17, 10, 6
2021/8/2, 109, 70, 8, 43, 10, 4
2021/8/3, 88, 79, 9, 32, 10, 4
2021/8/4, 86, 101, 23, 19, 10, 4
2021/8/5, 112, 98, 13, 17, 10, 4
2021/8/6, 125, 99, 15, 22, 11, 5
2021/8/7, 120, 60, 14, 9, 10, 6
2021/8/8, 117, 76, 16, 14, 11, 7
2021/8/9, 157, 106, 7, 31, 10, 3
2021/8/10, 98, 121, 14, 15, 10, 3
2021/8/11, 91, 113, 19, 14, 10, 3
2021/8/12, 84, 108, 11, 14, 10, 3
2021/8/13, 86, 113, 8, 13, 10, 3
2021/8/14, 83, 96, 10, 10, 10, 2
2021/8/15, 83, 124, 7, 14, 11, 3
2021/8/16, 102, 167, 12, 15, 10, 4
2021/8/17, 140, 155, 14, 18, 10, 4
2021/8/18, 151, 151, 12, 22, 10, 5
2021/8/19, 160, 82, 9, 15, 11, 4
2021/8/20, 101, 29, 11, 8, 12, 5
2021/8/21, 68, 51, 10, 18, 11, 4
2021/8/22, 93, 68, 12, 17, 10, 4
2021/8/23, 102, 91, 12, 16, 10, 4
2021/8/24, 124, 110, 7, 14, 10, 3
2021/8/25, 96, 118, 9, 12, 11, 3
2021/8/26, 83, 129, 10, 11, 11, 3
2021/8/27, 101, 111, 14, 15, 11, 4
2021/8/28, 113, 88, 24, 13, 11, 4
2021/8/29, 126, 42, 7, 8, 12, 3
2021/8/30, 69, 32, 8, 7, 13, 4
2021/8/31, 63, 24, 9, 6, 13, 4
2021/9/1, 54, 48, 8, 11, 15, 6
2021/9/2, 91, 45, 9, 20, 13, 4
2021/9/3, 73, 54, 20, 14, 14, 6
2021/9/4, 88, 59, 11, 11, 12, 5
2021/9/5, 99, 90, 24, 25, 15, 8
2021/9/6, 128, 69, 13, 12, 12, 4
2021/9/7, 115, 54, 11, 13, 13, 4
2021/9/8, 72, 61, 13, 13, 12, 4
2021/9/9, 84, 57, 10, 13, 13, 4
2021/9/10, 93, 29, 11, 12, 15, 4
2021/9/11, 65, 36, 30, 9, 13, 4
2021/9/12, 80, 47, 17, 7, 13, 5
2021/9/13, 98, 51, 11, 15, 13, 4
2021/9/14, 81, 57, 12, 16, 13, 4
2021/9/15, 68, 54, 10, 15, 14, 5
2021/9/16, 79, 41, 14, 10, 14, 3
2021/9/17, 68, 60, 14, 12, 14, 5
2021/9/18, 95, 68, 24, 14, 14, 4
2021/9/19, 94, 72, 11, 16, 13, 4
2021/9/20, 91, 65, 10, 16, 14, 5
2021/9/21, 89, 51, 10, 16, 15, 4
2021/9/22, 81, 47, 9, 11, 13, 3
2021/9/23, 70, 54, 11, 13, 14, 5
2021/9/24, 84, 53, 11, 11, 14, 3
2021/9/25, 97, 60, 21, 15, 14, 4
2021/9/26, 112, 81, 15, 14, 13, 6
2021/9/27, 142, 81, 23, 14, 11, 7
2021/9/28, 118, 71, 12, 14, 10, 6
2021/9/29, 85, 88, 19, 16, 10, 6
2021/9/30, 99, 134, 16, 18, 10, 8
2021/4/1, 137, 184, 26, 14, 22, 5
2021/4/2, 151, 177, 41, 16, 19, 6
2021/4/3, 167, 186, 39, 16, 22, 6
2021/4/4, 183, 199, 58, 25, 15, 10
2021/4/5, 168, 270, 83, 23, 13, 12
2021/4/6, 205, 188, 40, 11, 12, 5
2021/4/7, 150, 176, 35, 14, 14, 5
2021/4/8, 183, 193, 34, 16, 19, 6
2021/4/9, 172, 223, 40, 18, 21, 7
2021/4/10, 181, 236, 39, 17, 24, 7
2021/4/11, 202, 265, 42, 20, 24, 7
2021/4/12, 214, 317, 36, 19, 21, 7
2021/4/13, 195, 220, 32, 17, 20, 6
2021/4/14, 176, 268, 25, 18, 26, 7
2021/4/15, 184, 309, 4, 18, 17, 6
2021/4/16, 157, 95, 10, 10, 8, 5
2021/4/17, 122, 148, 28, 12, 11, 6
2021/4/18, 169, 271, 23, 16, 15, 6
2021/4/19, 160, 167, 36, 12, 14, 6
2021/4/20, 142, 95, 21, 7, 9, 5
2021/4/21, 135, 106, 41, 9, 8, 5
2021/4/22, 139, 79, 22, 8, 7, 5
2021/4/23, 99, 136, 33, 8, 12, 5
2021/4/24, 164, 171, 37, 11, 14, 7
2021/4/25, 176, 277, 49, 17, 19, 13
2021/4/26, 270, 277, 49, 17, 20, 11
2021/4/27, 273, 211, 37, 19, 24, 13
2021/4/28, 293, 323, 40, 16, 18, 10
2021/4/29, 274, 375, 56, 15, 13, 9
2021/4/30, 247, 156, 93, 11, 9, 6
2021/5/1, 160, 189, 42, 12, 9, 6
2021/5/2, 159, 279, 25, 9, 17, 6
2021/5/3, 179, 142, 26, 10, 13, 6
2021/5/4, 149, 120, 48, 8, 9, 6
2021/5/5, 152, 89, 24, 7, 7, 6
2021/5/6, 127, 92, 19, 8, 5, 7
2021/5/7, 157, 113, 36, 10, 7, 7
2021/5/8, 158, 87, 42, 7, 7, 5
2021/5/9, 127, 90, 46, 10, 5, 8
2021/5/10, 132, 92, 36, 7, 6, 6
2021/5/11, 120, 126, 31, 8, 6, 5
2021/5/12, 111, 66, 19, 7, 6, 7
2021/5/13, 89, 80, 30, 8, 4, 7
2021/5/14, 116, 147, 28, 9, 5, 5
2021/5/15, 107, 115, 53, 11, 6, 8
2021/5/16, 146, 182, 41, 15, 8, 8
2021/5/17, 198, 60, 10, 8, 4, 4
2021/5/18, 73, 40, 8, 6, 5, 5
2021/5/19, 91, 46, 10, 7, 4, 6
2021/5/20, 89, 57, 5, 9, 6, 7
2021/5/21, 105, 62, 9, 8, 8, 5
2021/5/22, 104, 289, 3, 15, 10, 3
2021/5/23, 202, 112, 28, 5, 4, 5
2021/5/24, 105, 112, 47, 7, 4, 4
2021/5/25, 124, 167, 58, 11, 5, 5
2021/5/26, 154, 153, 40, 12, 4, 5
2021/5/27, 143, 89, 16, 6, 4, 6
2021/5/28, 97, 80, 12, 3, 5, 5
2021/5/29, 51, 85, 20, 4, 5, 4
2021/5/30, 64, 108, 26, 10, 4, 6
2021/5/31, 103, 204, 26, 6, 6, 6
2021/6/1, 102, 102, 22, 7, 7, 5
2021/6/2, 118, 119, 51, 7, 8, 6
2021/6/3, 155, 125, 48, 8, 7, 6
2021/6/4, 155, 89, 40, 9, 6, 5
2021/6/5, 115, 115, 28, 8, 5, 6
2021/6/6, 117, 164, 29, 11, 4, 8
2021/6/7, 147, 481, 6, 9, 3, 5
2021/6/8, 167, 306, 13, 6, 6, 6
2021/6/9, 137, 153, 14, 6, 7, 6
2021/6/10, 130, 111, 15, 8, 7, 5
2021/6/11, 97, 111, 6, 5, 7, 5
2021/6/12, 100, 78, 8, 5, 7, 6
2021/6/13, 100, 92, 7, 5, 5, 5
2021/6/14, 114, 113, 11, 6, 3, 5
2021/6/15, 94, 84, 18, 5, 3, 6
2021/6/16, 109, 83, 19, 5, 3, 7
2021/6/17, 130, 64, 20, 5, 4, 6
2021/6/18, 84, 64, 12, 2, 3, 4
2021/6/19, 75, 50, 11, 2, 4, 4
2021/6/20, 68, 77, 14, 5, 2, 6
2021/6/21, 102, 138, 18, 6, 1, 7
2021/6/22, 127, 270, 27, 9, 1, 6
2021/6/23, 155, 98, 13, 6, 3, 6
2021/6/24, 132, 150, 16, 6, 3, 5
2021/6/25, 121, 106, 11, 11, 4, 7
2021/6/26, 122, 155, 24, 10, 3, 9
2021/6/27, 173, 135, 13, 10, 4, 7
2021/6/28, 153, 194, 11, 14, 5, 6
2021/6/29, 153, 451, 13, 10, 7, 4
2021/6/30, 145, 237, 10, 11, 6, 6
2021/1/4, 207, 85, 8, 13, 5, 10
2021/1/5, 180, 131, 23, 10, 5, 15
2021/1/6, 234, 98, 11, 4, 6, 11
2021/1/7, 187, 149, 6, 8, 8, 13
2021/1/8, 199, 128, 10, 6, 8, 11
2021/1/9, 222, 105, 11, 4, 9, 11
2021/1/10, 200, 159, 16, 12, 7, 11
2021/1/11, 213, 164, 17, 11, 4, 18
2021/1/12, 254, 294, 18, 14, 4, 70
2021/1/13, 325, 431, 16, 19, 6, 36
2021/1/14, 458, 410, 22, 21, 6, 40
2021/1/15, 450, 170, 6, 12, 6, 
2021/1/16, 310, 184, 14, 15, 4, 
2021/1/17, 296, 295, 11, 18, 5, 
2021/1/18, 327, 226, 4, 12, 6, 112
2021/1/19, 312, 158, 14, 11, 4, 2
2021/1/20, 229, 170, 26, 13, 5, 10
2021/1/21, 246, 338, 18, 22, 7, 9
2021/1/22, 377, 176, 21, 18, 6, 8
2021/1/23, 253, 199, 11, 10, 6, 9
2021/1/24, 294, 209, 22, 9, 6, 8
2021/1/25, 245, 140, 2, 13, 6, 7
2021/1/26, 241, , , , , 
2021/1/28, 284, 284, 31, 22, 8, 11
2021/1/29, 300, 237, 26, 26, 9, 12
2021/1/30, 283, 265, 34, 25, 9, 14
2021/1/31, 271, 401, 32, 28, 8, 16
2021/2/1, 356, 413, 35, 33, 12, 17
2021/2/2, 347, 198, 32, 29, 6, 12
2021/2/3, 245, 149, 11, 20, 5, 11
2021/2/4, 240, 121, 18, 15, 7, 8
2021/2/5, 205, 141, 22, 15, 5, 7
2021/2/6, 217, 199, 28, 19, 4, 9
2021/2/7, 247, 224, 31, 21, 6, 10
2021/2/8, 268, 307, 14, 32, 8, 17
2021/2/9, 227, 351, 35, 29, 9, 15
2021/2/10, 292, 333, 28, 24, 10, 11
2021/2/11, 323, 299, 25, 22, 11, 12
2021/2/12, 345, 240, 22, 19, 8, 17
2021/2/13, 247, 271, 3, 17, 10, 20
2021/2/14, 311, 244, 40, 25, 11, 10
2021/2/15, 228, 250, 42, 25, 12, 11
2021/2/16, 269, 341, 30, 22, 14, 12
2021/2/17, 302, 339, 38, 25, 14, 12
2021/2/18, 262, 249, 17, 21, 14, 13
2021/2/19, 289, 179, 27, 18, 14, 11
2021/2/20, 210, 255, 36, 20, 22, 10
2021/2/21, 301, 260, 31, 21, 21, 10
2021/2/22, 251, 329, 29, 25, 25, 12
2021/2/23, 235, 441, 32, 23, 26, 14
2021/2/24, 245, 311, 25, 22, 22, 11
2021/2/25, 259, 309, 18, 21, 23, 13
2021/2/26, 230, 266, 16, 17, 15, 7
2021/2/27, 163, 180, 30, 15, 20, 5
2021/2/28, 174, 280, 34, 17, 24, 6
2021/3/1, 218, 207, 36, 13, 17, 4
2021/3/2, 160, 291, 36, 20, 27, 10
2021/3/3, 215, 398, 48, 32, 18, 18
2021/3/4, 246, 229, 28, 18, 14, 9
2021/3/5, 223, 227, 34, 19, 15, 10
2021/3/6, 221, 264, 38, 27, 10, 15
2021/3/7, 205, 155, 39, 22, 5, 9
2021/3/8, 177, 202, 26, 20, 4, 9
2021/3/9, 196, 155, 23, 17, 7, 7
2021/3/10, 174, 239, 20, 22, 9, 11
2021/3/11, 229, 149, 19, 23, 6, 6
2021/3/12, 154, 259, 12, 19, 11, 9
2021/3/13, 243, 162, 21, 16, 13, 6
2021/3/14, 220, 210, 12, 15, 18, 7
2021/3/15, 232, 320, 6, 15, 16, 7
2021/3/16, 238, 359, 6, , 21, 8
2021/3/17, 241, 511, 5, 16, 12, 11
2021/3/18, 286, 276, 26, 11, 15, 8
2021/3/19, 218, 360, 28, 12, 11, 9
2021/3/20, 184, 271, 32, 14, 11, 9
2021/3/21, 229, 252, 15, 17, 6, 8
2021/3/22, 167, 217, 8, 15, 7, 6
2021/3/23, 149, 180, 29, 13, 13, 5
2021/3/24, 183, 132, 25, 9, 6, 4
2021/3/25, 145, 181, 32, 13, 14, 6
2021/3/26, 189, 282, 29, 16, 19, 8
2021/3/27, 230, 283, 37, 17, 15, 10
2021/3/28, 255, , , , , 
2021/3/30, 174, 142, 26, 10, 12, 5
2021/3/31, 117, 247, 34, 10, 13, 5
2020/10/1, 153, 142, 29, 6, 6, 4
2020/10/2, 164, 196, 19, 8, 7, 5
2020/10/3, 168, 143, 42, 7, 6, 5
2020/10/4, 162, 214, 42, 8, 4, 4
2020/10/5, 159, 206, 41, 9, 5, 4
2020/10/6, 168, 248, 48, 10, 8, 6
2020/10/7, 180, 181, 45, 9, 8, 5
2020/10/8, 174, 209, 54, 9, 9, 5
2020/10/9, 179, 230, 46, 9, 8, 6
2020/10/10, 184, 186, 29, 9, 8, 5
2020/10/11, 178, 281, 39, 11, 9, 7
2020/10/12, 195, 272, 41, 17, 6, 11
2020/10/13, 226, 263, 27, 14, 6, 10
2020/10/14, 229, 285, 3, 9, 9, 9
2020/10/15, 232, 257, , 13, 10, 7
2020/10/16, 201, 285, 8, 15, 12, 8
2020/10/17, 218, 218, 36, 16, 1, 4
2020/10/18, 208, 223, 46, 15, 7, 3
2020/10/19, 190, 246, 48, 19, 4, 7
2020/10/20, 200, 303, 49, 25, 5, 14
2020/10/21, 200, 383, 57, 27, 17, 5
2020/10/22, 259, 462, 45, 24, 21, 11
2020/10/23, 325, 426, 49, 26, 14, 9
2020/10/24, 297, 361, 58, 28, 8, 9
2020/10/25, 290, 343, 32, 25, 9, 9
2020/10/26, 279, 247, 33, 20, 6, 9
2020/10/27, 243, 281, 39, 31, 8, 10
2020/10/28, 257, 424, 58, 30, 8, 8
2020/10/29, 348, 383, 29, 28, 9, 10
2020/10/30, 318, 393, 33, 21, 6, 9
2020/10/31, 333, 242, 35, 22, 8, 9
2020/11/1, 307, 271, 33, 24, 7, 13
2020/11/2, 239, 280, 34, 27, 8, 13
2020/11/3, 225, 498, 19, 33, 8, 11
2020/11/4, 404, 450, 31, 32, 7, 10
2020/11/5, 371, 409, 26, 33, 9, 7
2020/11/6, 344, 612, 40, 34, 8, 14
2020/11/7, 437, 500, 36, 32, 12, 21
2020/11/8, 403, 773, 26, 35, 9, 31
2020/11/9, 635, 872, 77, 34, 7, 34
2020/11/10, 661, 485, 37, 35, 8, 28
2020/11/11, 339, 313, 48, 30, 7, 19
2020/11/12, 266, 347, 41, 26, 8, 17
2020/11/13, 324, 530, 45, 30, 14, 26
2020/11/14, 510, 363, 48, 25, 12, 18
2020/11/15, 428, 96, 23, 15, 6, 9
2020/11/16, 175, 100, 26, 14, 6, 9
2020/11/17, 168, 154, 38, 18, 6, 10
2020/11/18, 206, 264, 43, 23, 7, 12
2020/11/19, 267, 210, 42, 19, 7, 11
2020/11/20, 263, 240, 35, 20, 6, 11
2020/11/21, 226, 188, 35, 22, 8, 11
2020/11/22, 237, 300, 42, 27, 7, 15
2020/11/23, 259, 508, 53, 37, 9, 29
2020/11/24, 354, 447, 22, 34, 10, 25
2020/11/25, 390, 132, 19, 17, 7, 9
2020/11/26, 205, 145, 26, 15, 6, 8
2020/11/27, 165, 213, 35, 20, 6, 11
2020/11/28, 207, 217, 7, 22, 6, 14
2020/11/29, 214, 286, , 25, 8, 16
2020/11/30, 259, 279, , 27, 8, 17
2020/12/1, 322, 308, , 27, 9, 16
2020/12/2, 302, 292, 21, 26, 9, 19
2020/12/3, 275, 398, 43, 37, 8, 25
2020/12/4, 330, 273, 42, 33, 7, 17
2020/12/5, 321, 264, 39, 26, 7, 14
2020/12/6, 337, 330, 41, 24, 6, 17
2020/12/7, 371, 284, 21, 24, 7, 16
2020/12/8, 294, 269, 31, 22, 6, 12
2020/12/9, 250, 174, 19, 16, 4, 9
2020/12/10, 200, 288, 15, 35, 6, 19
2020/12/11, 284, 205, 10, 14, 3, 16
2020/12/12, 317, 101, 16, 8, 2, 7
2020/12/13, 187, 89, 25, 6, 3, 4
2020/12/14, 165, 118, 24, 9, 4, 6
2020/12/15, 201, 154, 21, 9, 3, 6
2020/12/16, 207, 142, 24, 9, 3, 8
2020/12/17, 224, 202, 34, 15, 4, 9
2020/12/18, 234, 197, 46, 17, 5, 10
2020/12/19, 266, 228, 35, 22, 6, 13
2020/12/20, 264, 242, 36, 23, 6, 14
2020/12/21, 274, 398, 29, 24, 6, 28
2020/12/22, 401, 487, 28, 25, 9, 26
2020/12/23, 467, 321, 24, 21, 5, 20
2020/12/24, 381, 230, 30, 19, 5, 15
2020/12/25, 291, 327, 33, 21, 4, 18
2020/12/26, 338, 374, 29, 23, 4, 21
2020/12/27, 388, 182, 27, 13, 4, 8
2020/12/28, 179, 178, 29, 15, 4, 10
2020/12/29, 216, 150, 20, 12, 3, 11
2020/12/30, 238, 314, 4, 16, 5, 19
2020/12/31, 384, , , , , 
2020/7/1, 134, 106, 6, 9, 10, 7
2020/7/2, 150, 106, 5, 11, 5, 7
2020/7/3, 145, 78, 5, 8, 3, 6
2020/7/4, 117, 91, 13, 6, 6, 4
2020/7/5, 107, 76, 3, 13, 3, 7
2020/7/6, 106, 42, 4, 8, 4, 5
2020/7/7, 55, 44, 20, 5, 2, 8
2020/7/8, 80, 61, 6, , 1, 6
2020/7/9, 96, 76, 2, 7, 3, 5
2020/7/10, 83, 56, 2, 8, 2, 5
2020/7/11, 66, 48, 5, 6, 1, 4
2020/7/12, 67, 96, 5, 7, 3, 4
2020/7/13, 96, 101, 2, 7, 2, 5
2020/7/14, 102, 90, 10, 8, 3, 6
2020/7/15, 123, 64, 6, 8, 3, 6
2020/7/16, 97, 71, 7, 8, 3, 7
2020/7/17, 128, 76, 5, 9, 2, 7
2020/7/18, 127, 41, 38, 7, 4, 4
2020/7/19, 74, 38, 5, 7, 3, 
2020/7/20, 57, 34, 4, 9, 2, 
2020/7/21, 67, 34, 4, 7, 1, 
2020/7/22, 74, 62, 7, 9, 3, 
2020/7/23, 105, 84, 14, 13, 1, 
2020/7/24, 129, 63, 6, 8, 3, 
2020/7/25, 99, 73, 8, 11, 3, 
2020/7/26, 119, 92, 4, 9, 1, 5
2020/7/27, 104, 83, 4, 6, 2, 4
2020/7/28, 77, 78, 3, 10, 3, 6
2020/7/29, 75, 44, 7, 9, 1, 4
2020/7/30, 58, 83, 7, 11, 2, 10
2020/7/31, 124, 76, 4, 10, 3, 9
2020/8/1, 108, 62, 3, 7, 4, 8
2020/8/2, 74, 58, 3, 7, 1, 7
2020/8/3, 69, 65, 4, 7, 1, 7
2020/8/4, 75, 82, 16, 10, 1, 8
2020/8/5, 117, 56, 8, 8, 2, 8
2020/8/6, 64, 52, 10, 8, 1, 8
2020/8/7, 75, 99, 10, 12, 3, 10
2020/8/8, 155, 47, 8, 8, 1, 9
2020/8/9, 93, 59, 11, 8, 1, 8
2020/8/10, 110, 58, 8, 11, 3, 11
2020/8/11, 110, 58, 7, 7, 3, 7
2020/8/12, 68, 23, 15, 8, 2, 7
2020/8/13, 50, 47, 7, 8, 3, 10
2020/8/14, 82, 55, 6, 7, 1, 10
2020/8/15, 96, 47, 3, 8, 1, 14
2020/8/16, 69, 55, 14, 13, 3, 15
2020/8/17, 81, 64, 4, 11, 1, 10
2020/8/18, 84, 53, 19, 15, 5, 16
2020/8/19, 88, 34, 10, 11, 5, 11
2020/8/20, 68, 58, 8, 10, , 14
2020/8/21, 72, 54, 21, 7, , 13
2020/8/22, 48, 47, 11, 6, 6, 16
2020/8/23, 53, 54, 11, 10, 10, 10
2020/8/24, 48, 63, 4, 9, 8, 11
2020/8/25, 46, 60, 6, 8, 2, 15
2020/8/26, 41, 76, 7, 6, 3, 8
2020/8/27, 48, 81, 22, 11, 2, 11
2020/8/28, 91, 74, 10, 13, 4, 14
2020/8/29, 118, 57, 8, 6, 3, 9
2020/8/30, 61, 41, 4, 7, 3, 9
2020/8/31, 36, 59, 5, 9, 3, 8
2020/9/1, 55, 77, 25, 11, 5, 10
2020/9/2, 83, 83, 5, 11, 3, 12
2020/9/3, 98, 69, 6, 10, 5, 9
2020/9/4, 109, , , 13, 4, 4
2020/9/7, 89, , , , , 
2020/9/9, 131, 111, 15, 12, 4, 11
2020/9/10, 135, 125, 29, 16, 6, 10
2020/9/11, 142, 133, 5, 13, 6, 11
2020/9/12, 145, 109, 19, 8, 4, 4
2020/9/13, 160, 113, 4, 9, 3, 4
2020/9/14, 156, 130, 6, 10, 4, 5
2020/9/15, 161, 139, 21, 12, 2, 5
2020/9/16, 155, 118, 10, 10, 5, 3
2020/9/17, 132, 111, 11, 9, 3, 3
2020/9/18, 121, 111, 4, 8, 7, 4
2020/9/19, 151, 107, 7, 7, 5, 4
2020/9/20, 157, 113, 7, 7, 13, 3
2020/9/21, 154, 89, 10, 11, 6, 5
2020/9/22, 121, 78, 9, 12, 5, 4
2020/9/23, 86, 101, 6, 10, 8, 5
2020/9/24, 113, 147, 23, 14, 5, 5
2020/9/25, 155, 174, 5, 14, 4, 4
2020/9/26, 141, 106, 13, 11, 3, 3
2020/9/27, 106, 183, 16, 12, 4, 4
2020/9/28, 153, 181, 16, 12, 3, 5
2020/9/29, 162, 158, 17, 11, 4, 4
2020/9/30, 151, 200, 20, 12, 4, 4
2020/4/1, 113, 60, 27, 4, 5, 3
2020/4/2, 100, 74, 35, 6, 9, 4
2020/4/3, 123, 79, 34, 7, 8, 4
2020/4/4, 131, 85, 30, 9, 9, 5
2020/4/5, 141, 88, 32, 8, 7, 5
2020/4/6, 137, 87, 22, 6, 9, 3
2020/4/7, 113, 72, 32, 5, 7, 3
2020/4/8, 103, 82, 38, 9, 10, 5
2020/4/9, 130, 99, 37, 10, 10, 6
2020/4/10, 142, 100, 40, 10, 7, 6
2020/4/11, 137, 92, 35, 8, 12, 4
2020/4/12, 131, 119, 37, 10, 14, 6
2020/4/13, 151, 137, 42, 13, 15, 7
2020/4/14, 169, 127, 31, 12, 7, 5
2020/4/15, 137, 143, 40, 10, 12, 4
2020/4/16, 146, 78, 38, 8, 6, 3
2020/4/17, 83, 72, 40, 8, 6, 3
2020/4/18, 80, 60, 35, 8, 5, 4
2020/4/19, 105, 101, 40, 12, 4, 5
2020/4/20, 130, , , , , 
2020/4/22, 103, 98, 34, 13, 8, 6
2020/4/23, 121, 92, 48, 13, 6, 7
2020/4/24, 144, 70, 38, 9, 5, 5
2020/4/25, 64, 68, 28, 9, 5, 4
2020/4/26, 81, 36, 28, 8, 5, 4
2020/4/27, 78, , , , , 
2020/4/30, 124, 101, 48, 7, 6, 6
2020/5/1, 146, 77, 46, , 4, 5
2020/5/2, 92, 71, 36, , 4, 4
2020/5/3, 82, 45, 40, , 6, 5
2020/5/4, 81, 89, 52, , 6, 6
2020/5/5, 136, 122, 45, , 6, 5
2020/5/6, 133, 61, 57, , 6, 4
2020/5/7, 84, 85, 62, , 6, 5
2020/5/8, 130, 86, 59, , 7, 6
2020/5/9, 134, 85, 29, , 6, 5
2020/5/10, 114, 69, 41, 15, 5, 6
2020/5/11, 110, 73, 54, 10, 6, 5
2020/5/12, 119, 114, 22, 12, 8, 6
2020/5/13, 157, 122, 57, 14, 6, 6
2020/5/14, 143, 83, 44, 15, 8, 9
2020/5/15, 132, 118, 52, 23, 14, 7
2020/5/16, 176, 155, 71, 32, 17, 8
2020/5/17, 192, 166, 62, 31, 16, 7
2020/5/18, 193, 239, 56, 40, 20, 9
2020/5/19, 226, 149, 58, 27, 13, 5
2020/5/20, 159, 161, 48, 32, 11, 5
2020/5/21, 136, 197, 64, 47, 19, 9
2020/5/22, 174, 160, 37, 38, 8, 5
2020/5/23, 144, 140, 44, 26, 11, 4
2020/5/24, 131, 151, 45, 32, 15, 6
2020/5/25, 145, 171, 39, 36, 9, 6
2020/5/26, 136, 136, 49, 31, 4, 5
2020/5/27, 111, 148, 31, 21, 5, 3
2020/5/28, 91, 53, 28, 19, 1, 4
2020/5/29, 64, 52, 39, 20, 2, 4
2020/5/30, 72, 33, 28, 18, 4, 3
2020/5/31, 58, 65, 54, 22, 2, 5
2020/6/1, 109, 77, 41, 23, 2, 5
2020/6/2, 104, 93, 52, 23, 7, 5
2020/6/3, 128, 126, 54, 31, 9, 7
2020/6/4, 175, 78, 29, 28, 3, 6
2020/6/5, 112, 70, 38, 24, 2, 5
2020/6/6, 99, 63, 34, 22, 3, 4
2020/6/7, 105, 86, 43, 28, 4, 6
2020/6/8, 121, 122, 32, 31, 4, 7
2020/6/9, 141, 115, 34, 27, 1, 6
2020/6/10, 123, 100, 31, 23, 4, 5
2020/6/11, 115, 152, 23, 22, 4, 7
2020/6/12, 151, 107, 28, 12, 4, 6
2020/6/13, 131, 109, 35, 13, 5, 8
2020/6/14, 154, 105, 41, 12, 4, 6
2020/6/15, 124, 90, 50, 12, 5, 7
2020/6/16, 107, 74, 47, 9, 4, 6
2020/6/17, 87, 76, 10, 9, 4, 6
2020/6/18, 91, 213, 7, 8, 5, 6
2020/6/19, 136, 93, 17, 9, 3, 5
2020/6/20, 89, 73, 6, 11, 2, 6
2020/6/21, 101, 67, 8, 11, 4, 6
2020/6/22, 100, 61, 6, 9, 4, 5
2020/6/23, 76, 56, 6, 9, 5, 6
2020/6/24, 78, 70, 5, 9, 3, 6
2020/6/25, 112, 102, 7, 9, 4, 6
2020/6/26, 127, 152, 4, 8, 2, 4
2020/6/27, 117, 304, 4, 7, 3, 5
2020/6/28, 135, 154, 5, 6, 5, 5
2020/6/29, 102, 76, 6, 7, 6, 6
2020/6/30, 113, 92, 5, 8, 6, 6
2020/1/1, 472, 372, , 19, 8, 37
2020/1/2, 375, 225, , 18, 6, 18
2020/1/3, 275, 279, , 17, 5, 16
2020/1/4, 315, 162, , 15, 5, 9
2020/1/5, 247, 158, , 15, 5, 11
2020/1/6, 237, 134, 21, 23, 6, 15
2020/1/7, 209, 91, 9, 16, 6, 11
2020/1/8, 182, 93, 19, 12, 7, 12
2020/1/9, 179, 147, 32, 17, 11, 17
2020/1/10, 216, 263, 40, 21, 9, 15
2020/1/11, 270, 310, 29, 21, 8, 16
2020/1/12, 303, 233, 18, 24, 6, 16
2020/1/13, 267, 87, 19, 13, 6, 8
2020/1/14, 173, 135, 26, 16, 7, 9
2020/1/15, 209, 111, 12, 15, 6, 8
2020/1/16, 195, 108, 15, 12, 7, 9
2020/1/17, 192, 124, 18, 16, 4, 11
2020/1/18, 200, 120, 28, 12, 4, 8
2020/1/19, 196, 200, 21, 15, 4, 13
2020/1/20, 238, 412, 22, 22, 4, 23
2020/1/21, 399, 201, 17, 18, 4, 15
2020/1/22, 257, 110, 36, 14, 2, 6
2020/1/23, 158, 151, 40, 19, 2, 8
2020/1/24, 180, 238, 38, 22, 1, 10
2020/1/25, 225, 279, 36, 21, 2, 12
2020/1/26, 283, 263, 24, 31, 2, 18
2020/1/27, 277, 100, 18, 22, 1, 11
2020/1/28, 182, 91, 30, 11, 3, 7
2020/1/29, 168, 131, 26, 11, 3, 9
2020/1/30, 198, 179, 22, 17, 5, 12
2020/1/31, 215, 146, 33, 18, 3, 11
2020/2/1, 192, 164, 33, 20, 3, 10
2020/2/2, 230, 224, 44, 24, 4, 13
2020/2/3, 238, 371, 51, 32, 4, 20
2020/2/4, 296, 257, 34, 24, 8, 12
2020/2/5, 247, 178, 40, 23, 5, 10
2020/2/6, 222, 229, 39, 24, 7, 12
2020/2/7, 247, 196, 40, 21, 13, 10
2020/2/8, 252, 199, 46, 23, 14, 13
2020/2/9, 268, 237, 45, 26, 11, 13
2020/2/10, 272, 299, 44, 30, 12, 13
2020/2/11, 313, 268, 42, 25, 13, 9
2020/2/12, 267, 139, 36, 22, 9, 8
2020/2/13, 184, 154, 36, 19, 5, 5
2020/2/14, 165, 133, 48, 21, 6, 6
2020/2/15, 169, 183, 45, 24, 22, 10
2020/2/16, 235, 281, 39, 27, 22, 11
2020/2/17, 282, 214, 44, 26, 29, 
2020/2/18, 258, 157, 40, 26, 14, 9
2020/2/19, 235, 162, 43, 21, 3, 11
2020/2/20, 173, 75, 28, 13, 4, 5
2020/2/21, 145, 112, 20, 13, 8, 22
2020/2/22, 172, 117, 11, 10, 7, 
2020/2/23, 193, 126, 23, 11, 14, 6
2020/2/24, 177, 216, 21, 12, 27, 11
2020/2/25, 274, 244, 23, 13, 13, 11
2020/2/26, 245, 143, 34, 11, 4, 10
2020/2/27, 183, 115, 30, 12, 5, 7
2020/2/28, 171, 80, 30, 24, 2, 7
2020/2/29, 142, 67, 28, 22, 5, 11
2020/3/1, 103, 151, 21, 22, 8, 13
2020/3/2, 190, 148, 15, 23, 3, 8
2020/3/3, 156, 133, 10, 14, 5, 5
2020/3/4, 149, 80, 11, 18, 4, 4
2020/3/5, 96, 38, 14, 19, 4, 6
2020/3/6, 73, 70, 25, 14, 5, 6
2020/3/7, 113, 100, 29, 14, 7, 8
2020/3/8, 161, 103, 32, 12, 7, 5
2020/3/9, 144, 115, 53, 13, 6, 5
2020/3/10, 167, 83, 36, 16, 5, 5
2020/3/11, 141, 124, 31, 20, 5, 7
2020/3/12, 141, 189, 36, 20, 8, 5
2020/3/13, 170, 76, 17, 17, 6, 4
2020/3/14, 120, 114, 45, 17, 9, 6
2020/3/15, 177, 127, 35, 14, 14, 5
2020/3/16, 167, 133, 38, 14, 15, 6
2020/3/17, 174, 143, 37, 14, 18, 7
2020/3/18, 176, 187, 31, 20, 15, 8
2020/3/19, 208, 143, 56, 26, 9, 9
2020/3/20, 169, 172, 35, 18, 19, 7
2020/3/21, 185, 96, 33, 13, 10, 6
2020/3/22, 158, 74, 37, 11, 9, 4
2020/3/23, 131, 70, 30, 11, 7, 5
2020/3/24, 129, 61, 6, 7, 4, 4
2020/3/25, 121, 74, 12, 5, 7, 4
2020/3/26, 139, 38, 16, 5, 5, 3
2020/3/27, 81, 31, 5, 4, 4, 6
2020/3/28, 73, 60, 22, 4, 5, 4
2020/3/29, 108, 66, 26, 5, 7, 4
2020/3/30, 126, 61, 22, 6, 7, 3
2020/3/31, 114, 63, 24, 6, 8, 4
2019/10/1, 93, 87, 2, 8, 2, 12
2019/10/2, 113, 170, 4, 11, 3, 17
2019/10/3, 148, 77, 3, 9, 2, 9
2019/10/4, 115, 118, 3, 8, 3, 8
2019/10/5, 114, 118, 3, 8, 3, 8
2019/10/6, 149, 126, 3, 6, 4, 8
2019/10/7, 140, 93, 8, 7, 2, 7
2019/10/8, 119, 176, 7, 14, 4, 12
2019/10/9, 162, 196, 10, 14, 3, 12
2019/10/10, 195, 166, 2, 12, 4, 9
2019/10/11, 170, 210, 3, 12, 3, 10
2019/10/12, 190, 203, 6, 12, 4, 11
2019/10/13, 220, 232, 6, 14, 4, 11
2019/10/14, 190, 304, 6, 21, 6, 18
2019/10/15, 211, 275, 11, 21, 5, 18
2019/10/16, 233, 170, 32, 21, 4, 14
2019/10/17, 194, 123, 3, 14, 5, 10
2019/10/18, 161, 131, 5, 14, 4, 9
2019/10/19, 162, 147, 16, 13, 3, 9
2019/10/20, 186, 184, 23, 13, 4, 10
2019/10/21, 197, 211, 13, 14, 5, 11
2019/10/22, 187, 298, 13, 14, 4, 14
2019/10/23, 210, 534, 26, 18, 4, 25
2019/10/24, 294, 351, 33, 17, 4, 17
2019/10/25, 212, 300, 14, 16, 4, 19
2019/10/26, 229, 249, 14, 14, 4, 14
2019/10/27, 267, 214, 7, 13, 4, 13
2019/10/28, 292, 299, 11, 16, 5, 22
2019/10/29, 340, 426, 3, 15, 5, 23
2019/10/30, 346, 504, 3, 18, 6, 30
2019/10/31, 400, 568, 6, 19, 6, 23
2019/11/1, 461, 412, 3, 13, 8, 26
2019/11/2, 376, 634, 3, 14, 4, 26
2019/11/3, 611, 282, 5, 12, 4, 15
2019/11/4, 314, 232, 10, 13, 4, 14
2019/11/5, 265, 147, 23, 17, 4, 13
2019/11/6, 183, 184, 4, 18, 4, 16
2019/11/7, 242, 154, 3, 13, 4, 12
2019/11/8, 219, 190, 12, 11, 3, 11
2019/11/9, 237, 229, 23, 13, 3, 11
2019/11/10, 283, 304, 29, 16, 4, 13
2019/11/11, 337, 546, 33, 18, 6, 19
2019/11/12, 484, 519, 27, 18, 6, 19
2019/11/13, 497, 447, 28, 20, 7, 20
2019/11/14, 421, 447, 20, 17, 7, 19
2019/11/15, 457, 262, 15, 11, 6, 14
2019/11/16, 300, 123, 11, 9, 6, 14
2019/11/17, 182, 146, 14, 12, 6, 9
2019/11/18, 198, 185, 14, 16, 6, 9
2019/11/19, 208, 235, 19, 18, 6, 10
2019/11/20, 256, 331, 30, 22, 5, 13
2019/11/21, 307, 297, 27, 19, 6, 9
2019/11/22, 297, 165, 13, 14, 6, 6
2019/11/23, 228, 126, 18, 10, 6, 6
2019/11/24, 200, 200, 16, 15, 6, 8
2019/11/25, 225, 162, 20, 18, 6, 8
2019/11/26, 184, 94, 10, 14, 6, 5
2019/11/27, 150, 46, 10, 11, 6, 2
2019/11/28, 91, 78, 14, 12, 6, 6
2019/11/29, 136, 150, 11, 13, 5, 11
2019/11/30, 200, 147, 24, 13, 7, 15
2019/12/1, 227, 187, 27, 14, 6, 7
2019/12/2, 219, 244, 31, 17, 6, 8
2019/12/3, 235, 270, 28, 17, 7, 13
2019/12/4, 242, 361, 32, 18, 7, 23
2019/12/5, 343, 292, 18, 17, 7, 10
2019/12/6, 339, 313, 21, 18, 6, 23
2019/12/7, 343, 240, 19, 16, 7, 40
2019/12/8, 315, 238, 29, 16, 6, 29
2019/12/9, 295, 327, 29, 17, 7, 33
2019/12/10, 346, 555, 23, 25, 8, 64
2019/12/11, 437, 383, 21, 20, 6, 38
2019/12/12, 380, 84, 11, 13, 5, 17
2019/12/13, 173, 101, 14, 13, 5, 11
2019/12/14, 175, 101, 11, 11, 5, 9
2019/12/15, 179, 92, 9, 10, 6, 8
2019/12/17, 215, 175, 19, 12, 6, 11
2019/12/18, 229, 353, 19, 16, 7, 20
2019/12/19, 367, 314, 5, 15, 6, 17
2019/12/20, 365, 220, 4, 12, 5, 14
2019/12/21, 304, 121, 7, 10, 6, 11
2019/12/22, 213, 166, 8, 11, 5, 12
2019/12/23, 234, 328, 10, 15, 5, 17
2019/12/24, 356, 180, 6, 10, 5, 10
2019/12/25, 237, 241, 8, 11, 6, 12
2019/12/26, 290, 278, 11, 12, 6, 12
2019/12/27, 316, 286, 9, 13, 7, 17
2019/12/28, 318, 357, 18, 16, 6, 15
2019/12/29, 365, , , , , 
2019/7/1, 114, 160, 26, 6, 6, 16
2019/7/2, 145, 90, 12, 9, 6, 16
2019/7/3, 103, 65, 4, 9, 7, 17
2019/7/4, 84, 84, 6, 11, 6, 17
2019/7/5, 126, 92, 5, 10, 6, 17
2019/7/6, 106, 82, 4, 7, 5, 16
2019/7/7, 107, 121, 4, 8, 6, 15
2019/7/8, 125, 106, 4, 8, 6, 15
2019/7/9, 106, 117, 4, 9, 6, 15
2019/7/10, 120, 565, 7, 15, 5, 14
2019/7/11, 174, 388, 6, 11, 4, 19
2019/7/12, 152, 308, 7, 8, 5, 15
2019/7/13, 139, 269, 7, 8, 7, 14
2019/7/14, 148, 115, 5, 9, 6, 14
2019/7/15, 102, 71, 15, 9, 5, 13
2019/7/16, 83, 56, 14, 8, 6, 12
2019/7/17, 79, 57, 17, 10, 5, 15
2019/7/18, 75, 126, 53, 14, 6, 23
2019/7/19, 148, 102, 13, 15, 5, 19
2019/7/20, 128, 82, 8, 9, 6, 21
2019/7/21, 112, 98, 20, 12, 6, 16
2019/7/22, 124, 134, 26, 13, 4, 27
2019/7/23, 152, 127, 6, 12, 6, 23
2019/7/24, 126, 67, 8, 8, 6, 15
2019/7/25, 53, 56, 5, 9, 7, 15
2019/7/26, 88, 42, 11, 9, 6, 12
2019/7/27, 75, 53, 6, 7, 5, 22
2019/7/28, 67, 66, 40, 8, 5, 19
2019/7/29, 68, 75, 24, 9, 5, 17
2019/7/30, 84, 70, 14, 8, 4, 16
2019/7/31, 85, 77, 4, 10, 6, 14
2019/8/1, 92, 71, 3, 9, 6, 24
2019/8/2, 86, 66, 16, 11, 7, 17
2019/8/3, 112, 68, 28, 9, 7, 19
2019/8/4, 137, 85, 9, 14, 7, 20
2019/8/5, 134, 66, 10, 13, 6, 17
2019/8/6, 103, 76, 15, 11, 6, 18
2019/8/7, 113, 89, 19, 11, 8, 16
2019/8/8, 91, 72, 14, 7, 6, 13
2019/8/9, 49, 63, 3, 7, 5, 14
2019/8/10, 54, 64, 8, 7, 7, 13
2019/8/11, 70, 49, 4, 7, 6, 14
2019/8/12, 55, 48, 4, 7, 6, 14
2019/8/13, 64, 44, 5, 8, 6, 17
2019/8/14, 90, 43, 6, 5, 6, 15
2019/8/15, 84, 39, 10, 7, 6, 15
2019/8/16, 54, 21, 4, 6, 6, 14
2019/8/17, 35, 17, 3, 5, 5, 14
2019/8/18, 35, 73, 5, 8, 6, 19
2019/8/19, 105, 73, 4, 5, 5, 16
2019/8/20, 100, 112, 4, 7, 5, 16
2019/8/21, 121, 115, 4, 10, 6, 16
2019/8/22, 120, 130, 6, 9, 5, 16
2019/8/23, 129, 141, 4, 11, 6, 17
2019/8/24, 140, 64, 4, 8, 5, 16
2019/8/25, 92, 63, 5, 8, 6, 17
2019/8/26, 77, 102, 10, 11, 5, 17
2019/8/27, 114, 93, 9, 11, 5, 16
2019/8/28, 110, 83, 7, 10, 5, 15
2019/8/29, 94, 116, 12, 12, 5, 16
2019/8/30, 133, 137, 7, 13, 5, 18
2019/8/31, 154, 85, 13, 11, 5, 17
2019/9/1, 103, 80, 14, 8, 5, 15
2019/9/2, 118, 111, 5, 8, 5, 15
2019/9/3, 162, 125, 16, 12, 5, 18
2019/9/4, 167, 77, 4, 10, 5, 16
2019/9/5, 110, 87, 10, 10, 6, 16
2019/9/6, 107, 85, 3, 10, 5, 16
2019/9/7, 98, 79, 11, 7, 5, 14
2019/9/8, 101, 119, 4, 7, 5, 14
2019/9/9, 155, 129, 6, 8, 5, 15
2019/9/10, 156, 146, 6, 12, 5, 17
2019/9/11, 168, 111, 5, 13, 5, 16
2019/9/12, 148, 80, 7, 9, 5, 15
2019/9/13, 103, 71, 11, 7, 5, 14
2019/9/14, 81, 68, 16, 8, 5, 15
2019/9/15, 106, 117, 6, 9, 5, 16
2019/9/16, 148, 99, 21, 10, 5, 15
2019/9/17, 132, 90, 9, 11, 6, 14
2019/9/18, 114, 59, 4, 7, 4, 13
2019/9/19, 66, 80, 7, 10, 5, 14
2019/9/20, 99, 103, 7, 9, 5, 14
2019/9/21, 135, 63, 10, 10, 5, 14
2019/9/22, 77, 79, 13, 10, 5, 14
2019/9/23, 107, 84, 15, 11, 5, 14
2019/9/24, 104, 75, 11, 10, 5, 14
2019/9/25, 92, 65, 53, 9, 5, 14
2019/9/26, 72, 54, 24, 11, 4, 13
2019/9/27, 52, 64, 55, 19, 4, 10
2019/9/28, 75, 48, 4, 8, 3, 5
2019/9/29, 59, 63, 7, 11, 3, 8
2019/9/30, 82, 76, 9, 12, 4, 8
2019/4/1, 163, 192, 70, 17, 9, 8
2019/4/2, 174, 255, 52, 18, 11, 10
2019/4/3, 194, 358, 34, 24, 8, 13
2019/4/4, 213, 338, 42, 22, 8, 12
2019/4/5, 211, 306, 13, 17, 10, 9
2019/4/6, 170, 273, 4, 19, 11, 11
2019/4/7, 209, 216, 24, 17, 8, 8
2019/4/8, 137, 240, 64, 21, 11, 12
2019/4/9, 174, 257, 24, 17, 11, 9
2019/4/10, 176, 223, 27, 15, 9, 7
2019/4/11, 151, 226, 29, 13, 11, 6
2019/4/12, 135, 266, 22, 14, 12, 8
2019/4/13, 154, 163, 19, 10, 12, 6
2019/4/14, 140, 185, 21, 14, 10, 8
2019/4/15, 122, 199, 20, 13, 8, 6
2019/4/16, 105, 55, 21, 12, 8, 6
2019/4/17, 60, 80, 25, 12, 9, 6
2019/4/18, 104, 148, 29, 15, 9, 8
2019/4/19, 172, 193, 35, 21, 9, 10
2019/4/20, 194, 208, 37, 18, 9, 8
2019/4/21, 197, 259, 41, 18, 9, 9
2019/4/22, 179, 305, 37, 17, 11, 9
2019/4/23, 199, 204, 47, 19, 9, 9
2019/4/24, 162, 200, 33, 14, 7, 8
2019/4/25, 158, 282, 28, 14, 10, 8
2019/4/26, 174, 390, 34, 12, 11, 5
2019/4/27, 171, 281, 34, 14, 12, 6
2019/4/28, 170, 309, 38, 19, 12, 7
2019/4/29, 192, 239, 14, 30, 10, 14
2019/4/30, 181, 240, 65, 21, 8, 14
2019/5/1, 172, 234, 54, 14, 9, 9
2019/5/2, 158, 102, 71, 14, 10, 9
2019/5/3, 134, 300, 47, 15, 11, 6
2019/5/4, 169, 287, 55, 17, 13, 11
2019/5/5, 216, 397, 64, 20, 17, 15
2019/5/6, 239, 475, 31, 25, 16, 14
2019/5/7, 245, 513, 37, 23, 13, 12
2019/5/8, 284, 514, 50, 23, 10, 9
2019/5/9, 257, 317, 36, 16, 8, 5
2019/5/10, 193, 267, 44, 14, 7, 7
2019/5/11, 196, 505, 53, 12, 10, 8
2019/5/12, 272, 392, 71, 18, 12, 11
2019/5/13, 312, 140, 32, 13, 6, 6
2019/5/14, 141, 236, 25, 24, 6, 11
2019/5/15, 198, 191, 22, 16, 6, 7
2019/5/16, 141, 333, 18, 16, 5, 7
2019/5/17, 154, 88, 14, 12, 5, 5
2019/5/18, 117, 168, 2, 29, 3, 6
2019/5/19, 173, 153, 45, 14, 6, 3
2019/5/20, 129, 222, 34, 17, 6, 17
2019/5/21, 186, 200, 22, 18, 6, 22
2019/5/22, 162, 249, 39, 19, 4, 22
2019/5/23, 185, 96, 3, 13, 6, 17
2019/5/24, 114, 115, 27, 10, 5, 13
2019/5/25, 119, 120, 35, 12, 5, 11
2019/5/26, 132, 167, 36, 16, 6, 10
2019/5/27, 146, 246, 44, 17, 7, 13
2019/5/28, 159, 254, 41, 17, 8, 12
2019/5/29, 168, 313, 36, 19, 9, 15
2019/5/30, 182, 434, 35, 19, 6, 10
2019/5/31, 168, 287, 83, 20, 8, 17
2019/6/1, 188, 154, 41, 14, 5, 15
2019/6/2, 156, 242, 3, 13, 5, 12
2019/6/3, 140, 131, 29, 13, 6, 14
2019/6/4, 124, 156, 19, 16, 4, 15
2019/6/5, 155, 202, 26, 14, 6, 10
2019/6/6, 153, 109, 54, 10, 4, 16
2019/6/7, 118, 221, 32, 13, 7, 18
2019/6/8, 147, 524, 2, 19, 10, 31
2019/6/9, 189, , , , , 
2019/6/11, 197, 237, 24, 9, 7, 12
2019/6/12, 142, 150, 15, 6, 7, 15
2019/6/13, 120, 196, 43, 4, 8, 15
2019/6/14, 144, 299, 35, 6, 9, 15
2019/6/15, 179, 127, 11, 1, 7, 9
2019/6/16, 94, 117, 12, 3, 6, 9
2019/6/17, 99, 59, 19, 2, 6, 8
2019/6/18, 63, 176, 12, 5, 6, 13
2019/6/19, 165, 84, 23, 3, 6, 9
2019/6/20, 93, 126, 8, 6, 10, 15
2019/6/21, 153, 130, 21, 3, 8, 13
2019/6/22, 152, 93, 8, 3, 6, 11
2019/6/23, 102, 79, 5, 3, 7, 11
2019/6/24, 63, 103, 9, 4, 7, 15
2019/6/25, 134, 147, 5, 3, 7, 17
2019/6/26, 143, 244, 8, 3, 6, 13
2019/6/27, 153, 291, 4, 4, 7, 9
2019/6/28, 160, 240, 2, 8, 6, 6
2019/6/29, 136, 244, 4, 7, 6, 14
2019/6/30, 139, 117, 6, 7, 7, 14
2019/1/1, 380, 649, 22, 39, 14, 37
2019/1/2, 467, 579, 17, 26, 12, 21
2019/1/3, 495, 383, 12, 21, 12, 19
2019/1/4, 353, 486, 24, 33, 12, 28
2019/1/5, 386, 210, 27, 20, 11, 12
2019/1/6, 245, 308, 14, 19, 13, 16
2019/1/7, 287, 263, 25, 19, 13, 13
2019/1/8, 265, 263, 31, 20, 13, 13
2019/1/9, 232, 380, 20, 21, 12, 17
2019/1/10, 283, 579, 20, 22, 14, 30
2019/1/11, 328, 639, 23, 29, 16, 35
2019/1/12, 345, 382, 27, 21, 14, 20
2019/1/13, 249, 297, 30, 14, 14, 11
2019/1/14, 192, 338, 24, 17, 15, 16
2019/1/15, 225, 452, 15, 32, 16, 27
2019/1/16, 302, 644, 25, 33, 15, 27
2019/1/17, 419, 420, 22, 28, 14, 19
2019/1/18, 296, 502, 28, 30, 16, 21
2019/1/19, 389, 521, 35, 42, 15, 47
2019/1/20, 465, 198, 14, 34, 13, 18
2019/1/21, 264, 58, 14, 23, 13, 9
2019/1/22, 127, 126, 13, 22, 10, 
2019/1/23, 170, 182, 19, 24, 20, 5
2019/1/24, 178, 115, 21, 19, 17, 4
2019/1/25, 152, 136, 30, 18, 14, 4
2019/1/26, 179, 165, 27, 20, 13, 4
2019/1/27, 184, 197, 31, 21, 13, 4
2019/1/28, 188, 262, 31, 25, 13, 4
2019/1/29, 207, 300, 26, 30, 14, 6
2019/1/30, 252, 239, 18, 33, 15, 7
2019/1/31, 267, 146, 10, 29, 15, 6
2019/2/1, 185, 173, 14, 20, 14, 5
2019/2/2, 190, 102, 13, 19, 14, 5
2019/2/3, 162, 258, 20, 23, 14, 6
2019/2/4, 236, 596, 25, 40, 16, 7
2019/2/5, 381, 205, 19, 30, 15, 6
2019/2/6, 248, 78, 10, 20, 14, 5
2019/2/7, 155, 159, 21, 19, 15, 5
2019/2/8, 178, 224, 25, 18, 15, 5
2019/2/9, 178, 372, 23, 23, 14, 5
2019/2/10, 261, 359, 24, 26, 15, 6
2019/2/11, 274, 276, 27, 28, 16, 6
2019/2/12, 301, 238, 35, 38, 15, 6
2019/2/13, 276, 143, 10, 33, 14, 6
2019/2/14, 222, 241, 9, 23, 15, 6
2019/2/15, 208, 209, 8, 14, 17, 6
2019/2/16, 180, 276, 20, 17, 24, 6
2019/2/17, 188, 232, 17, 25, 14, 6
2019/2/18, 185, 135, 19, 22, 15, 7
2019/2/19, 184, 95, 15, 27, 19, 7
2019/2/20, 160, 88, 14, 24, 16, 7
2019/2/21, 161, 87, 11, 12, 17, 6
2019/2/22, 153, 81, 21, 14, 18, 6
2019/2/23, 146, 90, 25, 18, 17, 6
2019/2/24, 167, 80, 28, 22, 17, 6
2019/2/25, 154, 65, 11, 26, 20, 6
2019/2/26, 137, 51, 5, 17, 14, 5
2019/2/27, 112, 314, 6, 21, 15, 10
2019/2/28, 219, 119, 20, 12, 6, 6
2019/3/1, 124, , 6, 29, 8, 6
2019/3/2, 167, , 11, 19, 8, 
2019/3/3, 156, , 9, 14, 7, 24
2019/3/4, 178, , 12, 14, 9, 4
2019/3/5, 180, , 14, 17, 8, 14
2019/3/6, 202, , 22, 18, 8, 17
2019/3/7, 201, 303, 18, 19, 7, 7
2019/3/8, 199, 215, 15, 13, 8, 35
2019/3/9, 181, 219, 30, 17, 7, 6
2019/3/10, 166, 169, 31, 27, 6, 6
2019/3/11, 169, 120, 18, 16, 9, 5
2019/3/12, 163, 122, 21, 22, 10, 8
2019/3/13, 190, 72, 8, 21, 8, 8
2019/3/14, 157, 68, 13, 17, 8, 8
2019/3/15, 164, 135, 22, 15, 10, 8
2019/3/16, 174, 259, 24, 16, 11, 8
2019/3/17, 221, 299, 24, 20, 11, 10
2019/3/18, 220, 313, 19, 23, 12, 11
2019/3/19, 228, 186, 25, 25, 9, 7
2019/3/20, 167, 130, 17, 12, 9, 8
2019/3/21, 173, 178, 24, 12, 9, 5
2019/3/22, 142, 167, 28, 15, 8, 6
2019/3/23, 138, , , , , 
2019/3/25, 136, 203, 21, 14, 9, 7
2019/3/26, 173, 206, 30, 15, 10, 8
2019/3/27, 171, 275, 27, 20, 12, 11
2019/3/28, 219, 236, 15, 20, 11, 10
2019/3/29, 186, 208, 28, 19, 9, 10
2019/3/30, 175, 241, 39, 13, 10, 6
2019/3/31, 155, 187, 54, 15, 10, 6
2018/10/1, 158, 146, 22, 14, 14, 9
2018/10/2, 157, 186, 25, 16, 11, 9
2018/10/3, 151, 259, 45, 19, 10, 12
2018/10/4, 191, 365, 26, 21, 10, 14
2018/10/5, 267, 239, 14, 18, 12, 10
2018/10/6, 169, 188, 26, 15, 10, 9
2018/10/7, 170, 251, 34, 22, 14, 11
2018/10/8, 194, 249, 64, 30, 10, 15
2018/10/9, 191, 203, 23, 26, 9, 13
2018/10/10, 176, 171, 17, 19, 12, 9
2018/10/11, 151, 179, 23, 16, 10, 7
2018/10/12, 163, 264, 22, 18, 10, 10
2018/10/13, 214, 254, 24, 17, 12, 11
2018/10/14, 201, 226, 22, 20, 11, 10
2018/10/15, 192, 491, 16, 35, 12, 22
2018/10/16, 280, 379, 8, 25, 11, 16
2018/10/17, 231, 481, 46, 31, 10, 23
2018/10/18, 257, 272, 67, 21, 9, 11
2018/10/19, 210, 372, 37, 19, 10, 11
2018/10/20, 257, 284, 38, 19, 9, 12
2018/10/21, 216, 375, 44, 23, 8, 12
2018/10/22, 215, 340, 44, 24, 10, 11
2018/10/23, 212, 581, 74, 39, 13, 21
2018/10/24, 291, 515, 44, 35, 12, 20
2018/10/25, 285, 547, 28, 31, 11, 20
2018/10/26, 295, 573, 45, 37, 9, 25
2018/10/27, 337, 464, 38, 29, 7, 18
2018/10/28, 331, 516, 39, 31, 14, 19
2018/10/29, 348, 470, 45, 32, 14, 20
2018/10/30, 349, 583, 45, 36, 14, 26
2018/10/31, 375, 569, 56, 42, 13, 29
2018/11/1, 388, 287, 67, 43, 12, 17
2018/11/2, 273, 227, 34, 34, 13, 14
2018/11/3, 240, 124, 44, 13, 10, 7
2018/11/4, 179, 433, 30, 19, 11, 15
2018/11/5, 405, 317, 38, 14, 10, 10
2018/11/6, 282, 238, 46, 18, 14, 9
2018/11/7, 257, 497, 27, 23, 20, 15
2018/11/8, 465, 342, 36, 25, 11, 18
2018/11/9, 352, 450, 35, 39, 12, 29
2018/11/10, 403, 507, 30, 37, 12, 33
2018/11/11, 403, 524, 38, 38, 15, 25
2018/11/12, 405, 437, 11, 47, 14, 31
2018/11/13, 367, 149, 12, 33, 12, 14
2018/11/14, 203, 128, 15, 21, 10, 11
2018/11/15, 194, 192, 23, 16, 11, 10
2018/11/16, 250, 240, 19, 22, 10, 11
2018/11/17, 223, 294, 22, 24, 11, 15
2018/11/18, 270, 253, 20, 24, 11, 14
2018/11/19, 247, 413, 15, 35, 10, 17
2018/11/20, 332, 369, 15, 109, 13, 14
2018/11/21, 326, 295, 19, 97, 15, 16
2018/11/22, 233, 383, 4, 30, 17, 16
2018/11/23, 313, 208, 16, 22, 12, 10
2018/11/24, 203, 226, 29, 25, 10, 12
2018/11/25, 228, 406, 31, 31, 13, 19
2018/11/26, 346, 480, 19, 43, 8, 27
2018/11/27, 356, 426, 16, 37, 9, 26
2018/11/28, 307, 425, 15, 28, 9, 18
2018/11/29, 343, 356, 16, 27, 9, 15
2018/11/30, 309, 274, 20, 24, 10, 16
2018/12/1, 263, 303, 23, 24, 11, 15
2018/12/2, 248, 343, 13, 24, 11, 16
2018/12/3, 277, 447, 9, 28, 9, 20
2018/12/4, 345, 434, 10, 23, 10, 16
2018/12/5, 311, 496, 25, 18, 10, 21
2018/12/6, 340, 378, 19, 9, 9, 15
2018/12/7, 288, 395, 17, 9, 10, 16
2018/12/8, 289, 439, 8, 10, 11, 23
2018/12/9, 308, 443, 16, 12, 10, 27
2018/12/10, 322, 420, 7, 14, 9, 23
2018/12/11, 279, 298, 35, 11, 8, 19
2018/12/12, 239, 128, 4, 7, 8, 8
2018/12/13, 165, 170, 27, 6, 8, 9
2018/12/14, 182, 184, 47, 7, 8, 9
2018/12/15, 186, 230, 56, 7, 10, 9
2018/12/16, 214, 445, 24, 17, 11, 15
2018/12/17, 318, 464, 32, 27, 13, 16
2018/12/18, 360, 347, 31, 28, 13, 14
2018/12/19, 294, 459, 34, 28, 13, 20
2018/12/20, 375, 412, 28, 27, 13, 18
2018/12/21, 365, 524, 41, 33, 13, 26
2018/12/22, 414, 711, 29, 40, 13, 50
2018/12/23, 574, 689, 21, 32, 13, 32
2018/12/24, 514, 421, 22, 23, 12, 17
2018/12/25, 381, 441, 27, 27, 14, 24
2018/12/26, 386, 705, 24, 30, 13, 43
2018/12/27, 570, 432, 27, 22, 12, 18
2018/12/28, 384, 512, 27, 25, 13, 21
2018/12/29, 381, 516, 21, 26, 16, 25
2018/12/30, 437, , , , , 
2018/7/1, 59, 89, 13, 9, 9, 6
2018/7/2, 69, 91, 27, 14, 10, 8
2018/7/3, 96, 96, 21, 11, 9, 7
2018/7/4, 111, 110, 11, 10, 10, 7
2018/7/5, 103, 127, 28, 7, 9, 6
2018/7/6, 117, 189, 33, 11, 6, 8
2018/7/7, 156, 227, 31, 16, 8, 10
2018/7/8, 150, 129, 37, 16, 11, 12
2018/7/9, 160, 96, 20, 12, 9, 8
2018/7/10, 122, 88, 9, 11, 10, 8
2018/7/11, 108, 93, 15, 11, 7, 8
2018/7/12, 100, 55, 4, 13, 3, 9
2018/7/13, 80, 64, 6, 14, 11, 9
2018/7/14, 105, 71, 11, 12, 6, 9
2018/7/15, 93, 71, 2, 12, 5, 8
2018/7/16, 81, 116, 10, 12, 11, 11
2018/7/17, 106, 91, 11, 12, 9, 9
2018/7/18, 104, 81, 13, 11, 11, 7
2018/7/19, 100, 72, 4, 11, 11, 7
2018/7/20, 106, 78, 4, 16, 12, 10
2018/7/21, 107, 44, 5, 10, 11, 9
2018/7/22, 69, 69, 5, 12, 9, 9
2018/7/23, 87, 104, 7, 11, 8, 9
2018/7/24, 127, 74, 3, 9, 4, 7
2018/7/25, 78, 39, 3, 7, 7, 6
2018/7/26, 60, 22, 3, 5, 7, 6
2018/7/27, 41, 56, 5, 7, 7, 7
2018/7/28, 77, , , , , 
2018/7/30, 86, 155, 9, 8, 6, 9
2018/7/31, 114, 150, 9, 11, 5, 7
2018/8/1, 118, 243, 6, 9, 5, 7
2018/8/2, 143, 256, 4, 9, 5, 6
2018/8/3, 144, 272, 5, 9, 5, 6
2018/8/4, 144, 197, 2, 8, 4, 6
2018/8/5, 135, 96, 2, 11, 5, 8
2018/8/6, 120, 104, 4, 11, 7, 8
2018/8/7, 126, 69, 3, 10, 6, 8
2018/8/8, 105, 87, 9, 11, 3, 7
2018/8/9, 94, 144, 3, 14, 5, 10
2018/8/10, 129, 94, 3, 9, 6, 6
2018/8/11, 81, 77, 4, 9, 5, 6
2018/8/12, 69, 89, 6, 10, 6, 7
2018/8/13, 79, 115, 6, 12, 7, 8
2018/8/14, 123, 95, 8, 10, 6, 7
2018/8/15, 107, 80, 15, 14, 5, 10
2018/8/16, 111, 128, 1, 9, 5, 7
2018/8/17, 106, 76, , 12, 6, 9
2018/8/18, 97, 66, , 9, 7, 8
2018/8/19, 102, 111, 1, 12, 5, 9
2018/8/20, 141, 79, 1, 13, 9, 8
2018/8/21, 89, 61, 1, 13, 10, 12
2018/8/22, 80, 68, 5, 9, 10, 8
2018/8/23, 84, 105, 10, 8, 11, 6
2018/8/24, 67, 128, 10, 6, 18, 6
2018/8/25, 59, , , , , 
2018/8/27, 83, 48, 4, 10, 7, 9
2018/8/28, 75, 55, 3, 13, 6, 8
2018/8/29, 76, 94, 3, 12, 7, 10
2018/8/30, 97, 144, 1, 11, 7, 9
2018/8/31, 113, 110, 1, 15, 8, 10
2018/9/1, 115, 65, 1, 10, 10, 9
2018/9/2, 95, 57, 1, 12, 5, 11
2018/9/3, 107, 88, 2, 14, 6, 15
2018/9/4, 138, 89, 2, 11, 6, 8
2018/9/5, 98, 96, 2, 9, 7, 8
2018/9/6, 95, 59, 2, 14, 8, 9
2018/9/7, 79, 59, 2, 10, 9, 8
2018/9/8, 83, 52, 2, 10, 11, 7
2018/9/9, 65, 86, 2, 14, 7, 8
2018/9/10, 101, 87, 3, 8, 7, 7
2018/9/11, 72, 114, 14, 8, 8, 6
2018/9/12, 72, 95, 14, 7, 13, 6
2018/9/13, 62, 119, 21, 8, 7, 6
2018/9/14, 85, 163, 22, 10, 9, 7
2018/9/15, 113, 124, 23, 9, 8, 6
2018/9/16, 118, 145, 35, 10, 8, 8
2018/9/17, 145, 148, 36, 11, 9, 8
2018/9/18, 149, 182, 40, 13, 8, 9
2018/9/19, 153, 170, 51, 15, 14, 10
2018/9/20, 163, 104, 18, 16, 9, 8
2018/9/21, 108, 36, 8, 11, 8, 7
2018/9/22, 63, 54, 12, 11, 13, 7
2018/9/23, 90, 27, 10, 9, 12, 7
2018/9/24, 53, 39, 15, 5, 13, 7
2018/9/25, 57, 110, 26, 10, 12, 9
2018/9/26, 117, 207, 30, 14, 16, 12
2018/9/27, 157, 282, 27, 17, 13, 15
2018/9/28, 168, 287, 38, 16, 9, 13
2018/9/29, 176, 140, 28, 11, 11, 10
2018/9/30, 155, 188, 28, 14, 10, 10
2018/6/3, 145, 136, 17, 15, 6, 8
2018/6/4, 143, 113, 13, 15, 3, 8
2018/6/5, 125, 133, 8, 13, 5, 9
2018/6/6, 139, 171, 8, 19, 7, 11
2018/6/7, 160, 165, 5, 14, 5, 9
2018/6/8, 158, 98, 3, 14, 7, 8
2018/6/9, 134, 122, 4, 17, 8, 8
2018/6/10, 152, 212, 6, 16, 6, 11
2018/6/11, 157, 621, 1, 17, 9, 8
2018/6/12, 250, 966, 4, 11, 5, 7
2018/6/13, 264, 893, 13, 10, 8, 4
2018/6/14, 241, 678, 19, 11, 7, 6
2018/6/15, 187, 511, 17, 12, 8, 6
2018/6/16, 168, 256, 17, 9, 7, 6
2018/6/17, 153, 131, 1, 9, 5, 6
2018/6/18, 128, 146, 1, 10, 6, 7
2018/6/19, 138, 176, 1, 11, 7, 8
2018/6/20, 154, 281, 1, 10, 3, 7
2018/6/21, 149, 170, 1, 16, 4, 8
2018/6/22, 149, 265, 1, 19, 4, 11
2018/6/23, 182, 210, 1, 10, 6, 7
2018/6/24, 157, 317, 1, 12, 7, 6
2018/6/25, 155, 190, 1, 10, 7, 6
2018/6/26, 133, 87, 2, 19, 5, 8
2018/6/27, 116, 44, 3, 25, 11, 8
2018/6/28, 60, 68, 6, 13, 11, 8
2018/6/29, 93, 79, 5, 16, 11, 9
2018/6/30, 105, 61, 6, 9, 8, 7
2025/10/6, , 43, 24, 15, 4, 6
2025/7/28, , 80, 8, 10, 4, 7
2025/8/24, , 51, 11, 13, 3, 8
2025/9/24, , 85, 17, 10, 6, 5
2024/12/31, , 231, 13, 17, 3, 10
2024/11/15, , 534, 11, 28, 5, 14
2023/7/20, , 98, 11, 9, 2, 8
2023/9/26, , 132, 26, 15, 8, 8
2023/1/19, , 118, 1, 18, 3, 5
2022/1/19, , 311, 18, 29, 5, 23
2021/1/3, , 131, 5, 30, 4, 13
2021/1/27, , 307, 22, 18, 8, 27
2021/3/29, , 999, 26, 6, 6, 3
2020/9/8, , 92, 5, 9, 11, 10
2020/4/21, , 98, 27, 12, 7, 7
2020/4/29, , 87, 43, 9, 10, 7
2019/12/31, , 494, , 18, 7, 37
2019/12/16, , 108, 10, 11, 6, 9
2019/6/10, , 685, 14, 7, 8, 12
2018/12/31, , 448, 24, 28, 14, 25
2019/3/24, , 133, 13, 12, 8, 7
2018/7/29, , 101, 7, 6, 8, 7
2018/8/26, , 97, 7, 11, 7, 9
2018/6/2, , 115, 17, 17, 5, 8
2020/9/6, , , , 22, 2, 10